path,type,domain,added_date,last_commit_date,lines,status_candidate,runtime_relevance,notes
docs/architecture_audits/2026-09-05-storefront-appearance-builder-architecture-audit.md,audit,storefront_presentation,2026-09-05,2026-09-05,905,QA_EVIDENCE,reference,
docs/architecture_audits/final_closure_pack/01-current-product-capability-inventory.md,audit,cross_cutting,2026-09-05,2026-09-05,144,QA_EVIDENCE,reference,
docs/architecture_audits/final_closure_pack/02-source-of-truth-and-writer-census.md,audit,cross_cutting,2026-09-05,2026-09-05,231,QA_EVIDENCE,reference,
docs/architecture_audits/final_closure_pack/03-component-contract-and-builder-coverage.md,audit,storefront_presentation,2026-09-05,2026-09-05,187,QA_EVIDENCE,reference,
docs/architecture_audits/final_closure_pack/04-50-template-dna-reality-check.md,audit,storefront_presentation,2026-09-05,2026-09-05,237,QA_EVIDENCE,reference,
docs/architecture_audits/final_closure_pack/05-runtime-parity-and-quality-readiness.md,audit,cross_cutting,2026-09-05,2026-09-05,160,QA_EVIDENCE,reference,
docs/architecture_audits/final_closure_pack/06-legacy-retirement-and-migration-readiness.md,audit,cross_cutting,2026-09-05,2026-09-05,77,QA_EVIDENCE,reference,
docs/architecture_audits/final_closure_pack/07-master-current-state-blueprint.md,audit,cross_cutting,2026-09-05,2026-09-05,418,QA_EVIDENCE,reference,
docs/architecture_decisions/2026-09-05-storefront-appearance-convergence-decision-baseline.md,decision_record,storefront_presentation,2026-09-05,2026-09-05,1307,SUPPORTING,medium,
docs/architecture_reviews/2026-09-05-kiro-storefront-appearance-convergence-workflow-review.md,review,storefront_presentation,2026-09-05,2026-09-05,367,HISTORICAL,reference,
docs/architecture/STOREFRONT_BUILDER_V2_DATA_LIFECYCLE.md,architecture_map,storefront_presentation,2026-08-11,2026-08-11,253,SUPPORTING,medium,
docs/architecture/STOREFRONT_BUILDER_V2_EXISTING_CAPABILITY_AUDIT.md,audit,storefront_presentation,2026-08-11,2026-08-11,213,QA_EVIDENCE,reference,
docs/architecture/STOREFRONT_BUILDER_V2_IMPLEMENTATION_PLAN.md,plan,storefront_presentation,2026-08-11,2026-08-11,282,PLAN_ONLY,reference,
docs/architecture/STOREFRONT_BUILDER_V2_LEGACY_RETIREMENT_MAP.md,architecture_map,storefront_presentation,2026-08-12,2026-08-12,79,SUPPORTING,medium,
docs/architecture/STOREFRONT_BUILDER_V2_LEGACY_VISUAL_PATTERN_EXTRACTION.md,architecture_doc,storefront_presentation,2026-08-12,2026-08-12,161,SUPPORTING,medium,
docs/architecture/STOREFRONT_BUILDER_V2_PHASE_0_5_REPORT.md,phase_report,storefront_presentation,2026-08-11,2026-08-11,367,HISTORICAL,reference,
docs/architecture/STOREFRONT_BUILDER_V2_PHASE_1A_REPORT.md,phase_report,storefront_presentation,2026-08-11,2026-08-11,294,HISTORICAL,reference,
docs/architecture/STOREFRONT_BUILDER_V2_PHASE_1B_AUDIT.md,audit,storefront_presentation,2026-08-11,2026-08-11,85,QA_EVIDENCE,reference,
docs/architecture/STOREFRONT_BUILDER_V2_PHASE_1B_REPORT.md,phase_report,storefront_presentation,2026-08-11,2026-08-11,190,HISTORICAL,reference,
docs/architecture/STOREFRONT_BUILDER_V2_PHASE_2_AUDIT.md,audit,storefront_presentation,2026-08-11,2026-08-11,48,QA_EVIDENCE,reference,
docs/architecture/STOREFRONT_BUILDER_V2_PHASE_2_REPORT.md,phase_report,storefront_presentation,2026-08-11,2026-08-12,144,HISTORICAL,reference,
docs/architecture/STOREFRONT_BUILDER_V2_PHASE_3_AUDIT.md,audit,storefront_presentation,2026-08-12,2026-08-12,71,QA_EVIDENCE,reference,
docs/architecture/STOREFRONT_BUILDER_V2_PHASE_3_REPORT.md,phase_report,storefront_presentation,2026-08-12,2026-08-12,158,HISTORICAL,reference,
docs/architecture/STOREFRONT_BUILDER_V2_PHASE_4_AUDIT.md,audit,storefront_presentation,2026-08-12,2026-08-12,75,QA_EVIDENCE,reference,
docs/architecture/STOREFRONT_BUILDER_V2_PHASE_4_REPORT.md,phase_report,storefront_presentation,2026-08-12,2026-08-12,354,HISTORICAL,reference,
docs/architecture/STOREFRONT_BUILDER_V2_PHASE_5_AUDIT.md,audit,storefront_presentation,2026-08-12,2026-08-12,403,QA_EVIDENCE,reference,
docs/architecture/STOREFRONT_BUILDER_V2_PHASE_5_REPORT.md,phase_report,storefront_presentation,2026-08-12,2026-08-12,269,HISTORICAL,reference,
docs/architecture/STOREFRONT_BUILDER_V2_PHASE_6_AUDIT.md,audit,storefront_presentation,2026-08-12,2026-08-12,367,QA_EVIDENCE,reference,
docs/architecture/STOREFRONT_BUILDER_V2_PHASE_6_REPORT.md,phase_report,storefront_presentation,2026-08-12,2026-08-12,291,HISTORICAL,reference,
docs/architecture/STOREFRONT_BUILDER_V2_PHASE_7_AUDIT.md,audit,storefront_presentation,2026-08-12,2026-08-12,189,QA_EVIDENCE,reference,
docs/architecture/STOREFRONT_BUILDER_V2_PHASE_7_REPORT.md,phase_report,storefront_presentation,2026-08-12,2026-08-12,266,HISTORICAL,reference,
docs/architecture/STOREFRONT_BUILDER_V2_PHASE_8_DESIGN_FREEDOM_PROOF.md,architecture_doc,storefront_presentation,2026-08-13,2026-08-13,167,SUPPORTING,medium,
docs/architecture/STOREFRONT_BUILDER_V2_PHASE_8_FIDELITY_AUDIT.md,audit,storefront_presentation,2026-08-12,2026-08-12,209,QA_EVIDENCE,reference,
docs/architecture/STOREFRONT_BUILDER_V2_PHASE_8_GAP_MATRIX.md,architecture_map,storefront_presentation,2026-08-12,2026-08-12,86,SUPPORTING,medium,
docs/architecture/STOREFRONT_BUILDER_V2_PHASE_8_IMPLEMENTATION_PLAN.md,plan,storefront_presentation,2026-08-12,2026-08-12,51,PLAN_ONLY,reference,
docs/architecture/STOREFRONT_BUILDER_V2_PHASE_8_REPORT.md,phase_report,storefront_presentation,2026-08-13,2026-08-13,342,HISTORICAL,reference,
docs/architecture/STOREFRONT_BUILDER_V2_REUSE_MATRIX.md,architecture_map,storefront_presentation,2026-08-11,2026-08-11,63,SUPPORTING,medium,
docs/architecture/STOREFRONT_BUILDER_V2_ROUTE_RENDERER_MAP.md,architecture_map,storefront_presentation,2026-08-11,2026-08-11,42,SUPPORTING,medium,
docs/architecture/UNIVERSAL_STOREFRONT_BUILDER_V2_SPEC.md,architecture_spec,storefront_presentation,2026-08-11,2026-08-11,2083,DESIGN_INTENT,medium,
docs/architecture/UNIVERSAL_STOREFRONT_PHASE1_ARCHITECTURE.md,architecture_doc,storefront_presentation,2026-08-14,2026-08-14,437,SUPPORTING,medium,
docs/architecture/UNIVERSAL_STOREFRONT_PHASE2_RENDERER.md,architecture_doc,storefront_presentation,2026-08-14,2026-08-14,307,SUPPORTING,medium,
docs/architecture/UNIVERSAL_STOREFRONT_U1A_TEMPLATE_REGISTRY_DECISION.md,architecture_doc,storefront_presentation,2026-08-22,2026-08-22,140,SUPPORTING,medium,
docs/audits/2026-09-03-storefront-unified-architecture-gap-audit.md,audit,storefront_presentation,2026-09-03,2026-09-03,381,QA_EVIDENCE,reference,
docs/audits/universal_storefront_engine_u3_u11_execution.md,audit,storefront_presentation,2026-08-24,2026-08-25,2696,QA_EVIDENCE,reference,
docs/docs/product/00_PROJECT_MASTER_REFERENCE.md,master_reference,platform_wide,2026-07-28,2026-08-07,2189,CURRENT_CANDIDATE,high,
docs/docs/product/architecture/PAYMENT_ARCHITECTURE.md,architecture_spec,orders_payments,2026-07-28,2026-07-28,229,CURRENT_CANDIDATE,high,
docs/docs/product/architecture/SAAS_ARCHITECTURE.md,architecture_spec,saas_billing_subscriptions,2026-07-28,2026-07-28,720,CURRENT_CANDIDATE,high,
docs/docs/product/architecture/SAAS_DOMAIN_DECISIONS.md,architecture_spec,saas_billing_subscriptions,2026-07-28,2026-07-31,4508,CURRENT_CANDIDATE,high,
docs/docs/product/architecture/SAAS_MIGRATION_PLAN.md,architecture_spec,saas_billing_subscriptions,2026-07-28,2026-07-28,449,CURRENT_CANDIDATE,high,
docs/docs/product/deployment/PRODUCTION_CONFIGURATION.md,operations,cross_cutting,2026-07-28,2026-08-19,394,SUPPORTING,medium,
docs/docs/product/Final Result At Last/novinshop-video-rich-products/README-X22.txt,reference_prototype,cross_cutting,2026-07-28,2026-07-28,13,EVIDENCE_ONLY,reference,
docs/docs/product/Final Result At Last/novinshop-video-rich-products/README-X23.txt,reference_prototype,cross_cutting,2026-07-28,2026-07-28,7,EVIDENCE_ONLY,reference,
docs/docs/product/Final Result At Last/novinshop-video-rich-products/README-X24.txt,reference_prototype,cross_cutting,2026-07-28,2026-07-28,11,EVIDENCE_ONLY,reference,
docs/docs/product/Final Result At Last/novinshop-video-rich-products/README-X25.txt,reference_prototype,cross_cutting,2026-07-28,2026-07-28,10,EVIDENCE_ONLY,reference,
docs/docs/product/Final Result At Last/Rastisi_Product_and_Technical_Blueprint_Volume_1.md,reference_prototype,cross_cutting,2026-07-28,2026-07-28,1288,EVIDENCE_ONLY,reference,
docs/docs/product/reports/ADMIN_PANEL_COMPLETION_REPORT.md,implementation_report,dashboard_merchant_admin,2026-07-29,2026-07-30,2154,HISTORICAL,reference,
docs/docs/product/reports/PHASE_1B_ADMIN_FOUNDATION_REPORT.md,implementation_report,dashboard_merchant_admin,2026-07-28,2026-07-28,342,HISTORICAL,reference,
docs/docs/product/reports/PHASE_1C_PRODUCT_MANAGEMENT_REPORT.md,implementation_report,cross_cutting,2026-07-28,2026-07-28,441,HISTORICAL,reference,
docs/docs/product/reports/PHASE_1D_ATTRIBUTE_VARIANT_ENGINE_REPORT.md,implementation_report,cross_cutting,2026-07-29,2026-07-29,656,HISTORICAL,reference,
docs/docs/product/reports/PHASE_1E_INDUSTRY_ATTRIBUTE_TEMPLATES_REPORT.md,implementation_report,storefront_presentation,2026-07-29,2026-07-29,571,HISTORICAL,reference,
docs/docs/product/reports/PHASE_1F_TEMPLATE_QUALITY_UPDATES_REPORT.md,implementation_report,storefront_presentation,2026-07-29,2026-07-29,697,HISTORICAL,reference,
docs/docs/product/reports/PHASE_1_MERCHANT_ADMIN_IMPLEMENTATION_REPORT.md,implementation_report,dashboard_merchant_admin,2026-07-28,2026-07-28,229,HISTORICAL,reference,
docs/docs/product/reports/PROTOTYPE_IMPLEMENTATION_GAP_AUDIT.md,implementation_report,cross_cutting,2026-07-30,2026-07-30,519,HISTORICAL,reference,
docs/docs/product/reports/PROTOTYPE_SCREEN_COVERAGE_MATRIX.md,implementation_report,cross_cutting,2026-07-30,2026-07-30,137,HISTORICAL,reference,
docs/docs/product/reports/STOREFRONT_AUDIT_REPORT.md,implementation_report,storefront_presentation,2026-07-30,2026-07-30,116,HISTORICAL,reference,
docs/docs/product/reports/STOREFRONT_MANUAL_QA_CHECKLIST.md,implementation_report,storefront_presentation,2026-07-30,2026-07-30,320,HISTORICAL,reference,
docs/docs/product/reports/STOREFRONT_SCREEN_INVENTORY.md,implementation_report,storefront_presentation,2026-07-30,2026-07-30,56,HISTORICAL,reference,
docs/docs/product/spec/01-PROJECT-SPEC.md,spec,platform_wide,2026-07-28,2026-07-28,249,DESIGN_INTENT,medium,
docs/docs/product/spec/02-BUILD-INSTRUCTIONS.md,spec,platform_wide,2026-07-28,2026-07-28,289,DESIGN_INTENT,medium,
docs/docs/README.md,readme,cross_cutting,2026-07-28,2026-07-28,0,SUPPORTING,medium,
docs/project_status/2026-09-20-rastisi-phase5-project-status.md,status_report,platform_wide,2026-09-20,2026-09-20,830,HISTORICAL,reference,
docs/prototypes/README.md,prototype,cross_cutting,2026-07-28,2026-07-28,0,EVIDENCE_ONLY,reference,
docs/qa_evidence/phase5_uiux_agent_foundation/fresh_session_runtime_acceptance.md,qa_evidence,cross_cutting,2026-09-11,2026-09-11,318,QA_EVIDENCE,reference,
docs/qa_evidence/phase5_uiux_agent_foundation/frontend_design_cloud_load_diagnostic.md,qa_evidence,storefront_presentation,2026-09-11,2026-09-11,327,QA_EVIDENCE,reference,
docs/qa_evidence/phase5_uiux_agent_foundation/read_only_design_review_smoke_test.md,qa_evidence,storefront_presentation,2026-09-11,2026-09-11,141,QA_EVIDENCE,reference,
docs/qa_evidence/storefront_appearance_convergence/phase1/baseline.md,qa_evidence,storefront_presentation,2026-09-05,2026-09-05,43,QA_EVIDENCE,reference,
docs/qa_evidence/storefront_appearance_convergence/phase1/final_gate.md,qa_evidence,storefront_presentation,2026-09-05,2026-09-05,177,QA_EVIDENCE,reference,
docs/qa_evidence/storefront_appearance_convergence/phase1/recipe_fidelity.md,qa_evidence,storefront_presentation,2026-09-05,2026-09-05,128,QA_EVIDENCE,reference,
docs/qa_evidence/storefront_appearance_convergence/phase1/task1_red_characterization.md,qa_evidence,storefront_presentation,2026-09-05,2026-09-05,202,QA_EVIDENCE,reference,
docs/qa_evidence/storefront_appearance_convergence/phase1/task2_authority_service.md,qa_evidence,storefront_presentation,2026-09-05,2026-09-05,178,QA_EVIDENCE,reference,
docs/qa_evidence/storefront_appearance_convergence/phase1/task3_legacy_writer_delegation.md,qa_evidence,storefront_presentation,2026-09-05,2026-09-05,109,QA_EVIDENCE,reference,
docs/qa_evidence/storefront_appearance_convergence/phase1/task4_r4_writer_delegation.md,qa_evidence,storefront_presentation,2026-09-05,2026-09-05,116,QA_EVIDENCE,reference,
docs/qa_evidence/storefront_appearance_convergence/phase1/task5_ready_template_authority.md,qa_evidence,storefront_presentation,2026-09-05,2026-09-05,147,QA_EVIDENCE,reference,
docs/qa_evidence/storefront_appearance_convergence/phase1/task6_explicit_local_variant.md,qa_evidence,storefront_presentation,2026-09-05,2026-09-05,140,QA_EVIDENCE,reference,
docs/qa_evidence/storefront_appearance_convergence/phase2/baseline.md,qa_evidence,storefront_presentation,2026-09-06,2026-09-06,75,QA_EVIDENCE,reference,
docs/qa_evidence/storefront_appearance_convergence/phase2/final_gate.md,qa_evidence,storefront_presentation,2026-09-06,2026-09-06,295,QA_EVIDENCE,reference,
docs/qa_evidence/storefront_appearance_convergence/phase2/lifecycle_media_inventory.md,qa_evidence,storefront_presentation,2026-09-06,2026-09-06,154,QA_EVIDENCE,reference,
docs/qa_evidence/storefront_appearance_convergence/phase2/task1_red_characterization.md,qa_evidence,storefront_presentation,2026-09-06,2026-09-06,136,QA_EVIDENCE,reference,
docs/qa_evidence/storefront_appearance_convergence/phase2/task2_published_archived_protection.md,qa_evidence,storefront_presentation,2026-09-06,2026-09-06,141,QA_EVIDENCE,reference,
docs/qa_evidence/storefront_appearance_convergence/phase2/task3_revision_convergence.md,qa_evidence,storefront_presentation,2026-09-06,2026-09-06,172,QA_EVIDENCE,reference,
docs/qa_evidence/storefront_appearance_convergence/phase2/task4_publish_history_recovery.md,qa_evidence,storefront_presentation,2026-09-06,2026-09-06,205,QA_EVIDENCE,reference,
docs/qa_evidence/storefront_appearance_convergence/phase2/task5_lock_template_lifecycle.md,qa_evidence,storefront_presentation,2026-09-06,2026-09-06,128,QA_EVIDENCE,reference,
docs/qa_evidence/storefront_appearance_convergence/phase2/task6_media_reachability.md,qa_evidence,storefront_presentation,2026-09-06,2026-09-06,208,QA_EVIDENCE,reference,
docs/qa_evidence/storefront_appearance_convergence/phase2/task7_cross_entry_convergence.md,qa_evidence,storefront_presentation,2026-09-06,2026-09-06,162,QA_EVIDENCE,reference,
docs/qa_evidence/storefront_appearance_convergence/phase3/2026-09-06-141946-review.md,qa_evidence,storefront_presentation,2026-09-06,2026-09-06,103,QA_EVIDENCE,reference,
docs/qa_evidence/storefront_appearance_convergence/phase3/2026-09-06-144255-review.md,qa_evidence,storefront_presentation,2026-09-06,2026-09-06,84,QA_EVIDENCE,reference,
docs/qa_evidence/storefront_appearance_convergence/phase3/2026-09-06-180333-review.md,qa_evidence,storefront_presentation,2026-09-07,2026-09-07,97,QA_EVIDENCE,reference,
docs/qa_evidence/storefront_appearance_convergence/phase3/baseline.md,qa_evidence,storefront_presentation,2026-09-06,2026-09-06,114,QA_EVIDENCE,reference,
docs/qa_evidence/storefront_appearance_convergence/phase3/execution_ledger.md,qa_evidence,storefront_presentation,2026-09-06,2026-09-07,275,QA_EVIDENCE,reference,
docs/qa_evidence/storefront_appearance_convergence/phase3/final_gate.md,qa_evidence,storefront_presentation,2026-09-07,2026-09-07,265,QA_EVIDENCE,reference,
docs/qa_evidence/storefront_appearance_convergence/phase3/task1_red_characterization.md,qa_evidence,storefront_presentation,2026-09-06,2026-09-06,38,QA_EVIDENCE,reference,
docs/qa_evidence/storefront_appearance_convergence/phase3/task2_brand_contract.md,qa_evidence,storefront_presentation,2026-09-06,2026-09-06,47,QA_EVIDENCE,reference,
docs/qa_evidence/storefront_appearance_convergence/phase3/task3_brand_gate.md,qa_evidence,storefront_presentation,2026-09-06,2026-09-06,55,QA_EVIDENCE,reference,
docs/qa_evidence/storefront_appearance_convergence/phase3/task4_collection_contract.md,qa_evidence,storefront_presentation,2026-09-06,2026-09-06,36,QA_EVIDENCE,reference,
docs/qa_evidence/storefront_appearance_convergence/phase3/task5_collection_gate.md,qa_evidence,storefront_presentation,2026-09-07,2026-09-07,49,QA_EVIDENCE,reference,
docs/qa_evidence/storefront_appearance_convergence/phase3/task6_shared_contract.md,qa_evidence,storefront_presentation,2026-09-07,2026-09-07,78,QA_EVIDENCE,reference,
docs/qa_evidence/storefront_appearance_convergence/phase3/task7_browser_matrix.md,qa_evidence,storefront_presentation,2026-09-07,2026-09-07,308,QA_EVIDENCE,reference,
docs/qa_evidence/storefront_appearance_convergence/phase3/vertical_slice_inventory.md,qa_evidence,storefront_presentation,2026-09-06,2026-09-06,227,QA_EVIDENCE,reference,
docs/qa_evidence/storefront_appearance_convergence/phase4/baseline.md,qa_evidence,storefront_presentation,2026-09-08,2026-09-08,91,QA_EVIDENCE,reference,
docs/qa_evidence/storefront_appearance_convergence/phase4/browser_final/RECOVERY.txt,qa_evidence,storefront_presentation,2026-09-10,2026-09-11,3,QA_EVIDENCE,reference,
docs/qa_evidence/storefront_appearance_convergence/phase4/execution_ledger.md,qa_evidence,storefront_presentation,2026-09-08,2026-09-11,972,QA_EVIDENCE,reference,
docs/qa_evidence/storefront_appearance_convergence/phase4/family_certification_matrix.md,qa_evidence,storefront_presentation,2026-09-08,2026-09-11,164,QA_EVIDENCE,reference,
docs/qa_evidence/storefront_appearance_convergence/phase4/final_gate.md,qa_evidence,storefront_presentation,2026-09-11,2026-09-11,212,QA_EVIDENCE,reference,
docs/qa_evidence/storefront_appearance_convergence/phase4/legacy_disposition.md,qa_evidence,storefront_presentation,2026-09-08,2026-09-11,80,QA_EVIDENCE,reference,
docs/qa_evidence/storefront_appearance_convergence/phase4/phase4_architecture_audit.md,qa_evidence,storefront_presentation,2026-09-07,2026-09-07,598,QA_EVIDENCE,reference,
docs/qa_evidence/storefront_appearance_convergence/phase4/pre_task10_r4_cutover.md,qa_evidence,storefront_presentation,2026-09-10,2026-09-11,319,QA_EVIDENCE,reference,
docs/qa_evidence/storefront_appearance_convergence/phase4/task10_blocker_task8_reset_fix.md,qa_evidence,storefront_presentation,2026-09-11,2026-09-11,204,QA_EVIDENCE,reference,
docs/qa_evidence/storefront_appearance_convergence/phase4/task1_authority.md,qa_evidence,storefront_presentation,2026-09-08,2026-09-08,133,QA_EVIDENCE,reference,
docs/qa_evidence/storefront_appearance_convergence/phase4/task2_resource_source.md,qa_evidence,storefront_presentation,2026-09-08,2026-09-08,159,QA_EVIDENCE,reference,
docs/qa_evidence/storefront_appearance_convergence/phase4/task3c_page_appearance.md,qa_evidence,storefront_presentation,2026-09-08,2026-09-08,130,QA_EVIDENCE,reference,
docs/qa_evidence/storefront_appearance_convergence/phase4/task3_non_home_page_appearance.md,qa_evidence,storefront_presentation,2026-09-08,2026-09-08,111,QA_EVIDENCE,reference,
docs/qa_evidence/storefront_appearance_convergence/phase4/task4_qa_harness.md,qa_evidence,storefront_presentation,2026-09-08,2026-09-08,215,QA_EVIDENCE,reference,
docs/qa_evidence/storefront_appearance_convergence/phase4/task5_cross_page_css.md,qa_evidence,storefront_presentation,2026-09-08,2026-09-09,1989,QA_EVIDENCE,reference,
docs/qa_evidence/storefront_appearance_convergence/phase4/task6_family_convergence.md,qa_evidence,storefront_presentation,2026-09-09,2026-09-10,550,QA_EVIDENCE,reference,
docs/qa_evidence/storefront_appearance_convergence/phase4/task7_r4_composition_media_parity.md,qa_evidence,storefront_presentation,2026-09-10,2026-09-10,331,QA_EVIDENCE,reference,
docs/qa_evidence/storefront_appearance_convergence/phase4/task8_template_switch_lifecycle.md,qa_evidence,storefront_presentation,2026-09-10,2026-09-10,181,QA_EVIDENCE,reference,
docs/qa_evidence/storefront_appearance_convergence/phase4/task9_legacy_retirement.md,qa_evidence,storefront_presentation,2026-09-10,2026-09-10,220,QA_EVIDENCE,reference,
docs/qa_evidence/storefront_builder/r4/PHASE1_ARCHITECTURE_GATE.md,qa_evidence,storefront_presentation,2026-09-01,2026-09-01,225,QA_EVIDENCE,reference,
docs/qa_evidence/storefront_design_engine/a8_component_coverage.md,qa_evidence,storefront_presentation,2026-09-03,2026-09-03,86,QA_EVIDENCE,reference,
docs/qa_evidence/storefront_design_engine/a8_component_inventory.md,qa_evidence,storefront_presentation,2026-09-02,2026-09-02,244,QA_EVIDENCE,reference,
docs/qa_evidence/storefront_design_engine/a8_diversity_matrix.md,qa_evidence,storefront_presentation,2026-09-03,2026-09-03,58,QA_EVIDENCE,reference,
docs/qa_evidence/storefront_design_engine/a8_template_mapping.md,qa_evidence,storefront_presentation,2026-09-02,2026-09-02,70,QA_EVIDENCE,reference,
docs/qa_evidence/storefront_design_engine/phase5/67_family_production_map.md,qa_evidence,storefront_presentation,2026-09-11,2026-09-11,129,QA_EVIDENCE,reference,
docs/qa_evidence/storefront_design_engine/phase5/demo_store_inventory.md,qa_evidence,storefront_presentation,2026-09-11,2026-09-11,99,QA_EVIDENCE,reference,
docs/qa_evidence/storefront_design_engine/phase5/kickoff_capability_map.md,qa_evidence,storefront_presentation,2026-09-11,2026-09-11,239,QA_EVIDENCE,reference,
docs/qa_evidence/storefront_design_engine/phase5/phase5_convergence_audit.md,qa_evidence,storefront_presentation,2026-09-15,2026-09-15,332,QA_EVIDENCE,reference,
docs/qa_evidence/storefront_design_engine/phase5/task1_candidate_preview_primitive.md,qa_evidence,storefront_presentation,2026-09-11,2026-09-11,205,QA_EVIDENCE,reference,
docs/qa_evidence/storefront_design_engine/phase5/task2_live_demo_template_gallery.md,qa_evidence,storefront_presentation,2026-09-11,2026-09-11,306,QA_EVIDENCE,reference,
docs/qa_evidence/storefront_design_engine/phase5/task2_live_preview_browser_qa.md,qa_evidence,storefront_presentation,2026-09-11,2026-09-11,125,QA_EVIDENCE,reference,
docs/qa_evidence/storefront_design_engine/phase5/task3_merchant_data_template_preview.md,qa_evidence,storefront_presentation,2026-09-13,2026-09-13,73,QA_EVIDENCE,reference,
docs/qa_evidence/storefront_design_engine/phase5/task4_browser_qa/RECOVERY.txt,qa_evidence,storefront_presentation,2026-09-14,2026-09-14,3,QA_EVIDENCE,reference,
docs/qa_evidence/storefront_design_engine/phase5/task4_contextual_editor_repairs.md,qa_evidence,storefront_presentation,2026-09-14,2026-09-14,353,QA_EVIDENCE,reference,
docs/qa_evidence/storefront_design_engine/phase5/task5_implementation_report.md,qa_evidence,storefront_presentation,2026-09-14,2026-09-14,531,QA_EVIDENCE,reference,
docs/qa_evidence/storefront_design_engine/phase5/task6_discovery_report.md,qa_evidence,storefront_presentation,2026-09-14,2026-09-14,268,QA_EVIDENCE,reference,
docs/qa_evidence/storefront_design_engine/phase5/task6_showcase_implementation_report.md,qa_evidence,storefront_presentation,2026-09-14,2026-09-14,173,QA_EVIDENCE,reference,
docs/qa_evidence/storefront_design_engine/phase5/task7_discovery_report.md,qa_evidence,storefront_presentation,2026-09-14,2026-09-14,454,QA_EVIDENCE,reference,
docs/qa_evidence/storefront_design_engine/phase5/task7_implementation_report.md,qa_evidence,storefront_presentation,2026-09-14,2026-09-14,227,QA_EVIDENCE,reference,
docs/qa_evidence/storefront_design_engine/phase5/task8_implementation_report.md,qa_evidence,storefront_presentation,2026-09-14,2026-09-15,348,QA_EVIDENCE,reference,
docs/qa_evidence/storefront_design_engine/phase5/w1_free_shipping_goal/architecture_duplication_audit.txt,qa_evidence,storefront_presentation,2026-09-15,2026-09-15,15,QA_EVIDENCE,reference,
docs/qa_evidence/storefront_design_engine/phase5/w1_free_shipping_goal/diff_check.txt,qa_evidence,storefront_presentation,2026-09-15,2026-09-15,1,QA_EVIDENCE,reference,
docs/qa_evidence/storefront_design_engine/phase5/w1_free_shipping_goal/django_check.txt,qa_evidence,storefront_presentation,2026-09-15,2026-09-15,1,QA_EVIDENCE,reference,
docs/qa_evidence/storefront_design_engine/phase5/w1_free_shipping_goal/green_focused.txt,qa_evidence,storefront_presentation,2026-09-15,2026-09-15,9,QA_EVIDENCE,reference,
docs/qa_evidence/storefront_design_engine/phase5/w1_free_shipping_goal/green_pricing.txt,qa_evidence,storefront_presentation,2026-09-15,2026-09-15,9,QA_EVIDENCE,reference,
docs/qa_evidence/storefront_design_engine/phase5/w1_free_shipping_goal/migration_check.txt,qa_evidence,storefront_presentation,2026-09-15,2026-09-15,1,QA_EVIDENCE,reference,
docs/qa_evidence/storefront_design_engine/phase5/w1_free_shipping_goal/red_near_threshold.txt,qa_evidence,storefront_presentation,2026-09-15,2026-09-15,25,QA_EVIDENCE,reference,
docs/qa_evidence/storefront_design_engine/phase5/w1_free_shipping_goal/red_nonpositive_threshold.txt,qa_evidence,storefront_presentation,2026-09-15,2026-09-15,33,QA_EVIDENCE,reference,
docs/qa_evidence/storefront_design_engine/phase5/w1_free_shipping_goal/red_pricing.txt,qa_evidence,storefront_presentation,2026-09-15,2026-09-15,108,QA_EVIDENCE,reference,
docs/qa_evidence/storefront_design_engine/phase5/w1_free_shipping_goal/regression_preexisting_note.txt,qa_evidence,storefront_presentation,2026-09-15,2026-09-15,13,QA_EVIDENCE,reference,
docs/qa_evidence/storefront_design_engine/phase5/w1_free_shipping_goal/regression.txt,qa_evidence,storefront_presentation,2026-09-15,2026-09-15,57,QA_EVIDENCE,reference,
docs/qa_evidence/storefront_design_engine/phase5/w1_free_shipping_goal/w1_implementation_report.md,qa_evidence,storefront_presentation,2026-09-15,2026-09-15,95,QA_EVIDENCE,reference,
docs/qa_evidence/storefront_design_engine/phase5/w2_theme_overlay/00_source_inventory.md,qa_evidence,storefront_presentation,2026-09-15,2026-09-15,111,QA_EVIDENCE,reference,
docs/qa_evidence/storefront_design_engine/phase5/w2_theme_overlay/01_red_summary.txt,qa_evidence,storefront_presentation,2026-09-15,2026-09-15,110,QA_EVIDENCE,reference,
docs/qa_evidence/storefront_design_engine/phase5/w2_theme_overlay/02_green_focused.txt,qa_evidence,storefront_presentation,2026-09-15,2026-09-15,13,QA_EVIDENCE,reference,
docs/qa_evidence/storefront_design_engine/phase5/w2_theme_overlay/03_targeted_regression.txt,qa_evidence,storefront_presentation,2026-09-15,2026-09-15,8,QA_EVIDENCE,reference,
docs/qa_evidence/storefront_design_engine/phase5/w2_theme_overlay/04_full_storefront_builder_suite.txt,qa_evidence,storefront_presentation,2026-09-15,2026-09-15,10,QA_EVIDENCE,reference,
docs/qa_evidence/storefront_design_engine/phase5/w2_theme_overlay/05_preexisting_failures_repro.md,qa_evidence,storefront_presentation,2026-09-15,2026-09-15,50,QA_EVIDENCE,reference,
docs/qa_evidence/storefront_design_engine/phase5/w2_theme_overlay/06_repo_gates.txt,qa_evidence,storefront_presentation,2026-09-15,2026-09-15,22,QA_EVIDENCE,reference,
docs/qa_evidence/storefront_design_engine/phase5/w2_theme_overlay/07_browser_qa_report.md,qa_evidence,storefront_presentation,2026-09-15,2026-09-15,84,QA_EVIDENCE,reference,
docs/qa_evidence/storefront_design_engine/phase5/w2_theme_overlay/08_theme_catalog_po_review.md,qa_evidence,storefront_presentation,2026-09-15,2026-09-15,89,QA_EVIDENCE,reference,
docs/qa_evidence/storefront_design_engine/phase5/w2_theme_overlay/09_architecture_duplication_audit.md,qa_evidence,storefront_presentation,2026-09-15,2026-09-15,45,QA_EVIDENCE,reference,
docs/qa_evidence/storefront_design_engine/phase5/w2_theme_overlay/10_browser_qa_matrix_raw.txt,qa_evidence,storefront_presentation,2026-09-15,2026-09-15,38,QA_EVIDENCE,reference,
docs/qa_evidence/storefront_design_engine/phase5/w2_theme_overlay/11_repair_red_green.md,qa_evidence,storefront_presentation,2026-09-15,2026-09-15,124,QA_EVIDENCE,reference,
docs/qa_evidence/storefront_design_engine/phase5/w2_theme_overlay/12_task6_historical_guard.txt,qa_evidence,storefront_presentation,2026-09-15,2026-09-15,37,QA_EVIDENCE,reference,
docs/qa_evidence/storefront_design_engine/phase5/w2_theme_overlay/13_candidate_preview_regression.txt,qa_evidence,storefront_presentation,2026-09-15,2026-09-15,16,QA_EVIDENCE,reference,
docs/qa_evidence/storefront_design_engine/phase5/w2_theme_overlay/14_base_312_failures.txt,qa_evidence,storefront_presentation,2026-09-15,2026-09-15,32,QA_EVIDENCE,reference,
docs/qa_evidence/storefront_design_engine/phase5/w2_theme_overlay/15_w2_312_failures.txt,qa_evidence,storefront_presentation,2026-09-15,2026-09-15,32,QA_EVIDENCE,reference,
docs/qa_evidence/storefront_design_engine/phase5/w2_theme_overlay/16_base_full_suite.txt,qa_evidence,storefront_presentation,2026-09-15,2026-09-15,7,QA_EVIDENCE,reference,
docs/qa_evidence/storefront_design_engine/phase5/w2_theme_overlay/17_w2_full_suite_raw.txt,qa_evidence,storefront_presentation,2026-09-15,2026-09-15,459,QA_EVIDENCE,reference,
docs/qa_evidence/storefront_design_engine/phase5/w2_theme_overlay/18_base_full_suite_raw.txt,qa_evidence,storefront_presentation,2026-09-15,2026-09-15,459,QA_EVIDENCE,reference,
docs/qa_evidence/storefront_design_engine/phase5/w2_theme_overlay/19_failure_reason_comparison.md,qa_evidence,storefront_presentation,2026-09-15,2026-09-15,50,QA_EVIDENCE,reference,
docs/qa_evidence/storefront_design_engine/phase5/w2_theme_overlay/w2_implementation_report.md,qa_evidence,storefront_presentation,2026-09-15,2026-09-15,197,QA_EVIDENCE,reference,
docs/qa_evidence/storefront_design_engine/phase5/w3_design_lab/00_branch_sha.txt,qa_evidence,storefront_presentation,2026-09-15,2026-09-15,7,QA_EVIDENCE,reference,
docs/qa_evidence/storefront_design_engine/phase5/w3_design_lab/00_source_inventory.md,qa_evidence,storefront_presentation,2026-09-15,2026-09-15,274,QA_EVIDENCE,reference,
docs/qa_evidence/storefront_design_engine/phase5/w3_design_lab/01_red_design_lab.txt,qa_evidence,storefront_presentation,2026-09-15,2026-09-15,575,QA_EVIDENCE,reference,
docs/qa_evidence/storefront_design_engine/phase5/w3_design_lab/02_green_focused.txt,qa_evidence,storefront_presentation,2026-09-15,2026-09-15,239,QA_EVIDENCE,reference,
docs/qa_evidence/storefront_design_engine/phase5/w3_design_lab/03_write_time_reconciliation.txt,qa_evidence,storefront_presentation,2026-09-15,2026-09-15,206,QA_EVIDENCE,reference,
docs/qa_evidence/storefront_design_engine/phase5/w3_design_lab/04b_candidate_preview_no_write.txt,qa_evidence,storefront_presentation,2026-09-15,2026-09-15,206,QA_EVIDENCE,reference,
docs/qa_evidence/storefront_design_engine/phase5/w3_design_lab/04_transient_no_write_proof.txt,qa_evidence,storefront_presentation,2026-09-15,2026-09-15,224,QA_EVIDENCE,reference,
docs/qa_evidence/storefront_design_engine/phase5/w3_design_lab/05_stale_tenant_history_atomic_apply.txt,qa_evidence,storefront_presentation,2026-09-15,2026-09-15,208,QA_EVIDENCE,reference,
docs/qa_evidence/storefront_design_engine/phase5/w3_design_lab/06b_w1_cart_pricing.txt,qa_evidence,storefront_presentation,2026-09-15,2026-09-15,9,QA_EVIDENCE,reference,
docs/qa_evidence/storefront_design_engine/phase5/w3_design_lab/06_regression.txt,qa_evidence,storefront_presentation,2026-09-15,2026-09-15,47,QA_EVIDENCE,reference,
docs/qa_evidence/storefront_design_engine/phase5/w3_design_lab/07b_base_e28b563_full_suite.txt,qa_evidence,storefront_presentation,2026-09-15,2026-09-15,459,QA_EVIDENCE,reference,
docs/qa_evidence/storefront_design_engine/phase5/w3_design_lab/07c_full_suite_base_comparison.md,qa_evidence,storefront_presentation,2026-09-15,2026-09-16,122,QA_EVIDENCE,reference,
docs/qa_evidence/storefront_design_engine/phase5/w3_design_lab/07_full_storefront_builder_suite.txt,qa_evidence,storefront_presentation,2026-09-15,2026-09-16,460,QA_EVIDENCE,reference,
docs/qa_evidence/storefront_design_engine/phase5/w3_design_lab/08_browser_qa_report.md,qa_evidence,storefront_presentation,2026-09-15,2026-09-16,90,QA_EVIDENCE,reference,
docs/qa_evidence/storefront_design_engine/phase5/w3_design_lab/09_architecture_duplication_audit.md,qa_evidence,storefront_presentation,2026-09-15,2026-09-16,144,QA_EVIDENCE,reference,
docs/qa_evidence/storefront_design_engine/phase5/w3_design_lab/10_repo_gates.txt,qa_evidence,storefront_presentation,2026-09-15,2026-09-16,27,QA_EVIDENCE,reference,
docs/qa_evidence/storefront_design_engine/phase5/w3_design_lab/11_red_roundtrip_repair.txt,qa_evidence,storefront_presentation,2026-09-16,2026-09-16,289,QA_EVIDENCE,reference,
docs/qa_evidence/storefront_design_engine/phase5/w3_design_lab/12_green_roundtrip_repair.txt,qa_evidence,storefront_presentation,2026-09-16,2026-09-16,248,QA_EVIDENCE,reference,
docs/qa_evidence/storefront_design_engine/phase5/w3_design_lab/13_regression_after_repair.txt,qa_evidence,storefront_presentation,2026-09-16,2026-09-16,50,QA_EVIDENCE,reference,
docs/qa_evidence/storefront_design_engine/phase5/w3_design_lab/14_red_final_repair.txt,qa_evidence,storefront_presentation,2026-09-16,2026-09-16,256,QA_EVIDENCE,reference,
docs/qa_evidence/storefront_design_engine/phase5/w3_design_lab/15_green_final_repair.txt,qa_evidence,storefront_presentation,2026-09-16,2026-09-16,9,QA_EVIDENCE,reference,
docs/qa_evidence/storefront_design_engine/phase5/w3_design_lab/16_final_targeted_regression_619.txt,qa_evidence,storefront_presentation,2026-09-16,2026-09-16,50,QA_EVIDENCE,reference,
docs/qa_evidence/storefront_design_engine/phase5/w3_design_lab/17_final_w2_theme_regression.txt,qa_evidence,storefront_presentation,2026-09-16,2026-09-16,9,QA_EVIDENCE,reference,
docs/qa_evidence/storefront_design_engine/phase5/w3_design_lab/18_final_w1_cart_pricing_regression.txt,qa_evidence,storefront_presentation,2026-09-16,2026-09-16,9,QA_EVIDENCE,reference,
docs/qa_evidence/storefront_design_engine/phase5/w3_design_lab/19b_final_base_e28b563_full_suite.txt,qa_evidence,storefront_presentation,2026-09-16,2026-09-16,459,QA_EVIDENCE,reference,
docs/qa_evidence/storefront_design_engine/phase5/w3_design_lab/19_final_full_storefront_builder_suite.txt,qa_evidence,storefront_presentation,2026-09-16,2026-09-16,459,QA_EVIDENCE,reference,
docs/qa_evidence/storefront_design_engine/phase5/w3_design_lab/20_final_repo_gates.txt,qa_evidence,storefront_presentation,2026-09-16,2026-09-16,29,QA_EVIDENCE,reference,
docs/qa_evidence/storefront_design_engine/phase5/w3_design_lab/21_final_full_suite_base_comparison.md,qa_evidence,storefront_presentation,2026-09-16,2026-09-16,67,QA_EVIDENCE,reference,
docs/qa_evidence/storefront_design_engine/phase5/w3_design_lab/22_final_architecture_duplication_gate.md,qa_evidence,storefront_presentation,2026-09-16,2026-09-16,37,QA_EVIDENCE,reference,
docs/qa_evidence/storefront_design_engine/phase5/w3_design_lab/23_final_clean_status.txt,qa_evidence,storefront_presentation,2026-09-16,2026-09-16,28,QA_EVIDENCE,reference,
docs/qa_evidence/storefront_design_engine/phase5/w3_design_lab/w3_implementation_report.md,qa_evidence,storefront_presentation,2026-09-15,2026-09-16,428,QA_EVIDENCE,reference,
docs/qa_evidence/storefront_design_engine/phase5/w4a_public_shell_convergence/01_red_task1_shell_only_context.txt,qa_evidence,storefront_presentation,2026-09-16,2026-09-16,243,QA_EVIDENCE,reference,
docs/qa_evidence/storefront_design_engine/phase5/w4a_public_shell_convergence/02_green_task1_shell_only_context.txt,qa_evidence,storefront_presentation,2026-09-16,2026-09-16,9,QA_EVIDENCE,reference,
docs/qa_evidence/storefront_design_engine/phase5/w4a_public_shell_convergence/03_red_task2_wishlist.txt,qa_evidence,storefront_presentation,2026-09-16,2026-09-16,49,QA_EVIDENCE,reference,
docs/qa_evidence/storefront_design_engine/phase5/w4a_public_shell_convergence/04_green_task2_wishlist.txt,qa_evidence,storefront_presentation,2026-09-16,2026-09-16,9,QA_EVIDENCE,reference,
docs/qa_evidence/storefront_design_engine/phase5/w4a_public_shell_convergence/05_red_task3_cms.txt,qa_evidence,storefront_presentation,2026-09-16,2026-09-16,25,QA_EVIDENCE,reference,
docs/qa_evidence/storefront_design_engine/phase5/w4a_public_shell_convergence/06_green_task3_cms.txt,qa_evidence,storefront_presentation,2026-09-16,2026-09-16,9,QA_EVIDENCE,reference,
docs/qa_evidence/storefront_design_engine/phase5/w4a_public_shell_convergence/07_regression_content_full.txt,qa_evidence,storefront_presentation,2026-09-16,2026-09-16,12,QA_EVIDENCE,reference,
docs/qa_evidence/storefront_design_engine/phase5/w4a_public_shell_convergence/08_regression_customers_full.txt,qa_evidence,storefront_presentation,2026-09-16,2026-09-16,32,QA_EVIDENCE,reference,
docs/qa_evidence/storefront_design_engine/phase5/w4a_public_shell_convergence/09_full_storefront_builder_suite.txt,qa_evidence,storefront_presentation,2026-09-16,2026-09-16,459,QA_EVIDENCE,reference,
docs/qa_evidence/storefront_design_engine/phase5/w4a_public_shell_convergence/10_regression_shell_render_tenant_catalog_cart.txt,qa_evidence,storefront_presentation,2026-09-16,2026-09-16,9,QA_EVIDENCE,reference,
docs/qa_evidence/storefront_design_engine/phase5/w4a_public_shell_convergence/11_full_catalog_cart_regression.txt,qa_evidence,storefront_presentation,2026-09-16,2026-09-16,51,QA_EVIDENCE,reference,
docs/qa_evidence/storefront_design_engine/phase5/w4a_public_shell_convergence/12_full_suite_base_comparison.md,qa_evidence,storefront_presentation,2026-09-16,2026-09-16,47,QA_EVIDENCE,reference,
docs/qa_evidence/storefront_design_engine/phase5/w4a_public_shell_convergence/13_final_repair_repo_gates.txt,qa_evidence,storefront_presentation,2026-09-16,2026-09-16,47,QA_EVIDENCE,reference,
docs/qa_evidence/storefront_design_engine/phase5/w4a_public_shell_convergence/14_red_important1_header_count.txt,qa_evidence,storefront_presentation,2026-09-16,2026-09-16,221,QA_EVIDENCE,reference,
docs/qa_evidence/storefront_design_engine/phase5/w4a_public_shell_convergence/15_green_important1_header_count.txt,qa_evidence,storefront_presentation,2026-09-16,2026-09-16,212,QA_EVIDENCE,reference,
docs/qa_evidence/storefront_design_engine/phase5/w4a_public_shell_convergence/16_green_cart_customers_after_important1.txt,qa_evidence,storefront_presentation,2026-09-16,2026-09-16,37,QA_EVIDENCE,reference,
docs/qa_evidence/storefront_design_engine/phase5/w4a_public_shell_convergence/17_customers_base_honest.txt,qa_evidence,storefront_presentation,2026-09-16,2026-09-16,308,QA_EVIDENCE,reference,
docs/qa_evidence/storefront_design_engine/phase5/w4a_public_shell_convergence/18_customers_final_honest.txt,qa_evidence,storefront_presentation,2026-09-16,2026-09-16,317,QA_EVIDENCE,reference,
docs/qa_evidence/storefront_design_engine/phase5/w4a_public_shell_convergence/19_reconstructed_red_task2_wishlist.txt,qa_evidence,storefront_presentation,2026-09-16,2026-09-16,270,QA_EVIDENCE,reference,
docs/qa_evidence/storefront_design_engine/phase5/w4a_public_shell_convergence/20_red_important4_css_link.txt,qa_evidence,storefront_presentation,2026-09-16,2026-09-16,223,QA_EVIDENCE,reference,
docs/qa_evidence/storefront_design_engine/phase5/w4a_public_shell_convergence/21_green_important4_css_link.txt,qa_evidence,storefront_presentation,2026-09-16,2026-09-16,222,QA_EVIDENCE,reference,
docs/qa_evidence/storefront_design_engine/phase5/w4a_public_shell_convergence/22_full_storefront_builder_suite_final.txt,qa_evidence,storefront_presentation,2026-09-16,2026-09-16,460,QA_EVIDENCE,reference,
docs/qa_evidence/storefront_design_engine/phase5/w4a_public_shell_convergence/23_full_content_regression_final.txt,qa_evidence,storefront_presentation,2026-09-16,2026-09-16,11,QA_EVIDENCE,reference,
docs/qa_evidence/storefront_design_engine/phase5/w4a_public_shell_convergence/24_final_full_suite_base_comparison.md,qa_evidence,storefront_presentation,2026-09-16,2026-09-16,67,QA_EVIDENCE,reference,
docs/qa_evidence/storefront_design_engine/phase5/w4a_public_shell_convergence/25_final_focused_exact_head.txt,qa_evidence,storefront_presentation,2026-09-16,2026-09-16,262,QA_EVIDENCE,reference,
docs/qa_evidence/storefront_design_engine/phase5/w4a_public_shell_convergence/26_customers_final_exact_head.txt,qa_evidence,storefront_presentation,2026-09-16,2026-09-16,318,QA_EVIDENCE,reference,
docs/qa_evidence/storefront_design_engine/phase5/w4a_public_shell_convergence/27_final_clean_status.txt,qa_evidence,storefront_presentation,2026-09-16,2026-09-16,28,QA_EVIDENCE,reference,
docs/qa_evidence/storefront_design_engine/phase5/w4a_public_shell_convergence/28_final_focused_green_after_isolation.txt,qa_evidence,storefront_presentation,2026-09-16,2026-09-16,228,QA_EVIDENCE,reference,
docs/qa_evidence/storefront_design_engine/phase5/w4a_public_shell_convergence/29_final_clean_status_after_test_isolation.txt,qa_evidence,storefront_presentation,2026-09-16,2026-09-16,28,QA_EVIDENCE,reference,
docs/qa_evidence/storefront_design_engine/phase5/w4a_public_shell_convergence/30_customers_final_after_isolation.txt,qa_evidence,storefront_presentation,2026-09-16,2026-09-16,318,QA_EVIDENCE,reference,
docs/qa_evidence/storefront_design_engine/phase5/w4a_public_shell_convergence/31_content_full_exact_head.txt,qa_evidence,storefront_presentation,2026-09-16,2026-09-16,778,QA_EVIDENCE,reference,
docs/qa_evidence/storefront_design_engine/phase5/w4a_public_shell_convergence/32_full_storefront_builder_exact_head.txt,qa_evidence,storefront_presentation,2026-09-16,2026-09-16,460,QA_EVIDENCE,reference,
docs/qa_evidence/storefront_design_engine/phase5/w4a_public_shell_convergence/33_full_suite_exact_head_base_comparison.md,qa_evidence,storefront_presentation,2026-09-16,2026-09-16,60,QA_EVIDENCE,reference,
docs/qa_evidence/storefront_design_engine/phase5/w4a_public_shell_convergence/34_final_clean_status_exact_head.md,qa_evidence,storefront_presentation,2026-09-16,2026-09-16,43,QA_EVIDENCE,reference,
docs/qa_evidence/storefront_design_engine/phase5/w4a_public_shell_convergence/public_surface_inventory.md,qa_evidence,storefront_presentation,2026-09-16,2026-09-16,93,QA_EVIDENCE,reference,
docs/qa_evidence/storefront_design_engine/phase5/w4a_public_shell_convergence/w4a_implementation_report.md,qa_evidence,storefront_presentation,2026-09-16,2026-09-16,503,QA_EVIDENCE,reference,
docs/qa_evidence/storefront_design_engine/phase5/w4b_template_curation/implementation/00_certified_w4a_fingerprints.md,qa_evidence,storefront_presentation,2026-09-16,2026-09-16,77,QA_EVIDENCE,reference,
docs/qa_evidence/storefront_design_engine/phase5/w4b_template_curation/implementation/00_certified_w4a_fingerprints_output.txt,qa_evidence,storefront_presentation,2026-09-16,2026-09-16,25,QA_EVIDENCE,reference,
docs/qa_evidence/storefront_design_engine/phase5/w4b_template_curation/implementation/01_red_w4b_contract_tests.txt,qa_evidence,storefront_presentation,2026-09-16,2026-09-16,1021,QA_EVIDENCE,reference,
docs/qa_evidence/storefront_design_engine/phase5/w4b_template_curation/implementation/02_green_w4b_contract_tests.txt,qa_evidence,storefront_presentation,2026-09-16,2026-09-16,224,QA_EVIDENCE,reference,
docs/qa_evidence/storefront_design_engine/phase5/w4b_template_curation/implementation/03_focused_green_existing_a8_u10_preset_suites.txt,qa_evidence,storefront_presentation,2026-09-16,2026-09-16,11,QA_EVIDENCE,reference,
docs/qa_evidence/storefront_design_engine/phase5/w4b_template_curation/implementation/04_additional_canonical_ready_template_suites.txt,qa_evidence,storefront_presentation,2026-09-16,2026-09-16,33,QA_EVIDENCE,reference,
docs/qa_evidence/storefront_design_engine/phase5/w4b_template_curation/implementation/05_full_storefront_builder_exact_head.txt,qa_evidence,storefront_presentation,2026-09-16,2026-09-16,460,QA_EVIDENCE,reference,
docs/qa_evidence/storefront_design_engine/phase5/w4b_template_curation/implementation/06_bounded_browser_qa_summary.md,qa_evidence,storefront_presentation,2026-09-16,2026-09-17,213,QA_EVIDENCE,reference,
docs/qa_evidence/storefront_design_engine/phase5/w4b_template_curation/implementation/07_django_check_migrations_gitdiff_gates.txt,qa_evidence,storefront_presentation,2026-09-16,2026-09-16,15,QA_EVIDENCE,reference,
docs/qa_evidence/storefront_design_engine/phase5/w4b_template_curation/implementation/08_architecture_duplication_audit.md,qa_evidence,storefront_presentation,2026-09-16,2026-09-16,60,QA_EVIDENCE,reference,
docs/qa_evidence/storefront_design_engine/phase5/w4b_template_curation/implementation/09_full_suite_exact_head_base_comparison.md,qa_evidence,storefront_presentation,2026-09-16,2026-09-16,82,QA_EVIDENCE,reference,
docs/qa_evidence/storefront_design_engine/phase5/w4b_template_curation/implementation/10_implementation_report.md,qa_evidence,storefront_presentation,2026-09-16,2026-09-17,130,QA_EVIDENCE,reference,
docs/qa_evidence/storefront_design_engine/phase5/w4b_template_curation/implementation/11_final_clean_status_evidence.txt,qa_evidence,storefront_presentation,2026-09-16,2026-09-16,26,QA_EVIDENCE,reference,
docs/qa_evidence/storefront_design_engine/phase5/w4b_template_curation/implementation/12_independent_review_browser_repair_summary.md,qa_evidence,storefront_presentation,2026-09-17,2026-09-17,151,QA_EVIDENCE,reference,
docs/qa_evidence/storefront_design_engine/phase5/w4b_template_curation/implementation/13_final_clean_status_review_repair.txt,qa_evidence,storefront_presentation,2026-09-17,2026-09-17,33,QA_EVIDENCE,reference,
docs/qa_evidence/storefront_design_engine/phase5/w4b_template_curation/w4b_curation_inventory.md,qa_evidence,storefront_presentation,2026-09-16,2026-09-16,632,QA_EVIDENCE,reference,
docs/qa_evidence/storefront_design_engine/phase5/w4_certification/architecture_duplication_audit.md,qa_evidence,storefront_presentation,2026-09-18,2026-09-18,43,QA_EVIDENCE,reference,
docs/qa_evidence/storefront_design_engine/phase5/w4_certification/browser_error_summary.md,qa_evidence,storefront_presentation,2026-09-18,2026-09-18,17,QA_EVIDENCE,reference,
docs/qa_evidence/storefront_design_engine/phase5/w4_certification/execution_report.md,qa_evidence,storefront_presentation,2026-09-18,2026-09-18,123,QA_EVIDENCE,reference,
docs/qa_evidence/storefront_design_engine/phase5/w4_certification/failures/README.md,qa_evidence,storefront_presentation,2026-09-18,2026-09-18,10,QA_EVIDENCE,reference,
docs/qa_evidence/storefront_design_engine/phase5/w4_certification/failure_summary.md,qa_evidence,storefront_presentation,2026-09-18,2026-09-18,29,QA_EVIDENCE,reference,
docs/qa_evidence/storefront_design_engine/phase5/w4_certification/gallery_index.md,qa_evidence,storefront_presentation,2026-09-18,2026-09-18,60,QA_EVIDENCE,reference,
docs/qa_evidence/storefront_design_engine/phase5/w4_certification/implementation/00_starting_state.txt,qa_evidence,storefront_presentation,2026-09-17,2026-09-17,11,QA_EVIDENCE,reference,
docs/qa_evidence/storefront_design_engine/phase5/w4_certification/implementation/01_tdd_red.txt,qa_evidence,storefront_presentation,2026-09-17,2026-09-17,654,QA_EVIDENCE,reference,
docs/qa_evidence/storefront_design_engine/phase5/w4_certification/implementation/02_tdd_red_analysis.md,qa_evidence,storefront_presentation,2026-09-17,2026-09-17,74,QA_EVIDENCE,reference,
docs/qa_evidence/storefront_design_engine/phase5/w4_certification/implementation/04_tdd_green.txt,qa_evidence,storefront_presentation,2026-09-17,2026-09-17,244,QA_EVIDENCE,reference,
docs/qa_evidence/storefront_design_engine/phase5/w4_certification/implementation/05_regression_gates.txt,qa_evidence,storefront_presentation,2026-09-17,2026-09-17,257,QA_EVIDENCE,reference,
docs/qa_evidence/storefront_design_engine/phase5/w4_certification/implementation/06_architecture_duplication_audit.md,qa_evidence,storefront_presentation,2026-09-17,2026-09-17,56,QA_EVIDENCE,reference,
docs/qa_evidence/storefront_design_engine/phase5/w4_certification/implementation/07_legacy_r4_non_interference.md,qa_evidence,storefront_presentation,2026-09-17,2026-09-17,91,QA_EVIDENCE,reference,
docs/qa_evidence/storefront_design_engine/phase5/w4_certification/implementation/08_implementation_report.md,qa_evidence,storefront_presentation,2026-09-17,2026-09-17,79,QA_EVIDENCE,reference,
docs/qa_evidence/storefront_design_engine/phase5/w4_certification/implementation/09_full_suite_regression.md,qa_evidence,storefront_presentation,2026-09-17,2026-09-17,54,QA_EVIDENCE,reference,
docs/qa_evidence/storefront_design_engine/phase5/w4_certification/implementation/10_repair_round1_red.txt,qa_evidence,storefront_presentation,2026-09-17,2026-09-17,522,QA_EVIDENCE,reference,
docs/qa_evidence/storefront_design_engine/phase5/w4_certification/implementation/11_repair_round1_green.txt,qa_evidence,storefront_presentation,2026-09-17,2026-09-17,319,QA_EVIDENCE,reference,
docs/qa_evidence/storefront_design_engine/phase5/w4_certification/implementation/12_repair_round1_full_suite_output.txt,qa_evidence,storefront_presentation,2026-09-17,2026-09-17,4318,QA_EVIDENCE,reference,
docs/qa_evidence/storefront_design_engine/phase5/w4_certification/implementation/13_repair_round1_full_suite_identity_comparison.md,qa_evidence,storefront_presentation,2026-09-17,2026-09-17,109,QA_EVIDENCE,reference,
docs/qa_evidence/storefront_design_engine/phase5/w4_certification/implementation/15a_smoke_attempt1_module_load_crash.txt,qa_evidence,storefront_presentation,2026-09-17,2026-09-17,27,QA_EVIDENCE,reference,
docs/qa_evidence/storefront_design_engine/phase5/w4_certification/implementation/15b_smoke_attempt2_10_fails.txt,qa_evidence,storefront_presentation,2026-09-17,2026-09-17,14,QA_EVIDENCE,reference,
docs/qa_evidence/storefront_design_engine/phase5/w4_certification/implementation/15c_smoke_attempt3_9_fails.txt,qa_evidence,storefront_presentation,2026-09-17,2026-09-17,14,QA_EVIDENCE,reference,
docs/qa_evidence/storefront_design_engine/phase5/w4_certification/implementation/15d_smoke_attempt4_3_fails.txt,qa_evidence,storefront_presentation,2026-09-17,2026-09-17,14,QA_EVIDENCE,reference,
docs/qa_evidence/storefront_design_engine/phase5/w4_certification/implementation/15e_smoke_attempt5_final_0_fails.txt,qa_evidence,storefront_presentation,2026-09-17,2026-09-17,14,QA_EVIDENCE,reference,
docs/qa_evidence/storefront_design_engine/phase5/w4_certification/implementation/16_repair_round1_smoke_evidence.md,qa_evidence,storefront_presentation,2026-09-17,2026-09-17,132,QA_EVIDENCE,reference,
docs/qa_evidence/storefront_design_engine/phase5/w4_certification/implementation/17_repair_round1_final_gates.txt,qa_evidence,storefront_presentation,2026-09-17,2026-09-17,12,QA_EVIDENCE,reference,
docs/qa_evidence/storefront_design_engine/phase5/w4_certification/implementation/18_repair_round1_final_report.md,qa_evidence,storefront_presentation,2026-09-17,2026-09-17,169,QA_EVIDENCE,reference,
docs/qa_evidence/storefront_design_engine/phase5/w4_certification/implementation/19_repair_round2_red.txt,qa_evidence,storefront_presentation,2026-09-17,2026-09-17,264,QA_EVIDENCE,reference,
docs/qa_evidence/storefront_design_engine/phase5/w4_certification/implementation/20_repair_round2_green.txt,qa_evidence,storefront_presentation,2026-09-17,2026-09-17,389,QA_EVIDENCE,reference,
docs/qa_evidence/storefront_design_engine/phase5/w4_certification/implementation/21a_repair_round2_smoke_attempt1_3_fails.txt,qa_evidence,storefront_presentation,2026-09-17,2026-09-17,14,QA_EVIDENCE,reference,
docs/qa_evidence/storefront_design_engine/phase5/w4_certification/implementation/21b_repair_round2_smoke_attempt2_cart_a11y_bug.txt,qa_evidence,storefront_presentation,2026-09-17,2026-09-17,14,QA_EVIDENCE,reference,
docs/qa_evidence/storefront_design_engine/phase5/w4_certification/implementation/21c_repair_round2_smoke_attempt3_final_0_fails.txt,qa_evidence,storefront_presentation,2026-09-17,2026-09-17,14,QA_EVIDENCE,reference,
docs/qa_evidence/storefront_design_engine/phase5/w4_certification/implementation/23_repair_round2_smoke_evidence.md,qa_evidence,storefront_presentation,2026-09-17,2026-09-17,123,QA_EVIDENCE,reference,
docs/qa_evidence/storefront_design_engine/phase5/w4_certification/implementation/24b_repair_round2_final_fast_gates_recheck.txt,qa_evidence,storefront_presentation,2026-09-17,2026-09-17,607,QA_EVIDENCE,reference,
docs/qa_evidence/storefront_design_engine/phase5/w4_certification/implementation/24_repair_round2_full_suite_output.txt,qa_evidence,storefront_presentation,2026-09-17,2026-09-17,4386,QA_EVIDENCE,reference,
docs/qa_evidence/storefront_design_engine/phase5/w4_certification/implementation/25_repair_round2_full_suite_identity_comparison.md,qa_evidence,storefront_presentation,2026-09-17,2026-09-17,94,QA_EVIDENCE,reference,
docs/qa_evidence/storefront_design_engine/phase5/w4_certification/implementation/26_repair_round2_final_report.md,qa_evidence,storefront_presentation,2026-09-17,2026-09-17,210,QA_EVIDENCE,reference,
docs/qa_evidence/storefront_design_engine/phase5/w4_certification/implementation/27_accessibility_closure_phaseA_red.txt,qa_evidence,storefront_presentation,2026-09-17,2026-09-17,102,QA_EVIDENCE,reference,
docs/qa_evidence/storefront_design_engine/phase5/w4_certification/implementation/28a_accessibility_closure_phaseA_green_focused.txt,qa_evidence,storefront_presentation,2026-09-17,2026-09-17,344,QA_EVIDENCE,reference,
docs/qa_evidence/storefront_design_engine/phase5/w4_certification/implementation/28b_accessibility_closure_phaseA_green_fastgates.txt,qa_evidence,storefront_presentation,2026-09-17,2026-09-17,255,QA_EVIDENCE,reference,
docs/qa_evidence/storefront_design_engine/phase5/w4_certification/implementation/28c_accessibility_closure_phaseA_green_summary.md,qa_evidence,storefront_presentation,2026-09-17,2026-09-17,65,QA_EVIDENCE,reference,
docs/qa_evidence/storefront_design_engine/phase5/w4_certification/implementation/29a_accessibility_closure_pre_production_fix_smoke_output.txt,qa_evidence,storefront_presentation,2026-09-17,2026-09-17,14,QA_EVIDENCE,reference,
docs/qa_evidence/storefront_design_engine/phase5/w4_certification/implementation/29c_accessibility_closure_pre_production_fix_smoke_summary.md,qa_evidence,storefront_presentation,2026-09-17,2026-09-17,78,QA_EVIDENCE,reference,
docs/qa_evidence/storefront_design_engine/phase5/w4_certification/implementation/30_accessibility_closure_phaseB_red.txt,qa_evidence,storefront_presentation,2026-09-17,2026-09-17,240,QA_EVIDENCE,reference,
docs/qa_evidence/storefront_design_engine/phase5/w4_certification/implementation/31a_accessibility_closure_phaseB_green_related_suites.txt,qa_evidence,storefront_presentation,2026-09-17,2026-09-17,188,QA_EVIDENCE,reference,
docs/qa_evidence/storefront_design_engine/phase5/w4_certification/implementation/31b_accessibility_closure_phaseB_template_diff.txt,qa_evidence,storefront_presentation,2026-09-17,2026-09-17,120,QA_EVIDENCE,reference,
docs/qa_evidence/storefront_design_engine/phase5/w4_certification/implementation/31c_accessibility_closure_phaseB_standalone_green.txt,qa_evidence,storefront_presentation,2026-09-17,2026-09-17,36,QA_EVIDENCE,reference,
docs/qa_evidence/storefront_design_engine/phase5/w4_certification/implementation/31d_accessibility_closure_phaseB_green_summary.md,qa_evidence,storefront_presentation,2026-09-17,2026-09-17,90,QA_EVIDENCE,reference,
docs/qa_evidence/storefront_design_engine/phase5/w4_certification/implementation/33a_accessibility_closure_final_smoke_output.txt,qa_evidence,storefront_presentation,2026-09-17,2026-09-17,14,QA_EVIDENCE,reference,
docs/qa_evidence/storefront_design_engine/phase5/w4_certification/implementation/34_accessibility_closure_final_fastgates.txt,qa_evidence,storefront_presentation,2026-09-17,2026-09-17,417,QA_EVIDENCE,reference,
docs/qa_evidence/storefront_design_engine/phase5/w4_certification/implementation/35_accessibility_closure_final_full_suite_output.txt,qa_evidence,storefront_presentation,2026-09-17,2026-09-17,4423,QA_EVIDENCE,reference,
docs/qa_evidence/storefront_design_engine/phase5/w4_certification/implementation/36_accessibility_closure_full_suite_identity_comparison.md,qa_evidence,storefront_presentation,2026-09-17,2026-09-17,98,QA_EVIDENCE,reference,
docs/qa_evidence/storefront_design_engine/phase5/w4_certification/implementation/37_accessibility_closure_final_report.md,qa_evidence,storefront_presentation,2026-09-17,2026-09-17,247,QA_EVIDENCE,reference,
docs/qa_evidence/storefront_design_engine/phase5/w4_certification/implementation/38_full_campaign_attempt1_blocked/campaign_output_and_crash.txt,qa_evidence,storefront_presentation,2026-09-17,2026-09-17,50,QA_EVIDENCE,reference,
docs/qa_evidence/storefront_design_engine/phase5/w4_certification/implementation/38_full_campaign_attempt1_blocked/root_cause.md,qa_evidence,storefront_presentation,2026-09-17,2026-09-17,139,QA_EVIDENCE,reference,
docs/qa_evidence/storefront_design_engine/phase5/w4_certification/implementation/39_rate_limit_sharding_repair/fastgates.txt,qa_evidence,storefront_presentation,2026-09-17,2026-09-17,9,QA_EVIDENCE,reference,
docs/qa_evidence/storefront_design_engine/phase5/w4_certification/implementation/39_rate_limit_sharding_repair/final_report.md,qa_evidence,storefront_presentation,2026-09-17,2026-09-17,122,QA_EVIDENCE,reference,
docs/qa_evidence/storefront_design_engine/phase5/w4_certification/implementation/39_rate_limit_sharding_repair/full_suite_identity_comparison.md,qa_evidence,storefront_presentation,2026-09-17,2026-09-17,95,QA_EVIDENCE,reference,
docs/qa_evidence/storefront_design_engine/phase5/w4_certification/implementation/39_rate_limit_sharding_repair/full_suite_output.txt,qa_evidence,storefront_presentation,2026-09-17,2026-09-17,4435,QA_EVIDENCE,reference,
docs/qa_evidence/storefront_design_engine/phase5/w4_certification/implementation/39_rate_limit_sharding_repair/mutation_budget_proof.md,qa_evidence,storefront_presentation,2026-09-17,2026-09-17,128,QA_EVIDENCE,reference,
docs/qa_evidence/storefront_design_engine/phase5/w4_certification/implementation/39_rate_limit_sharding_repair/pilot_process1_output.txt,qa_evidence,storefront_presentation,2026-09-17,2026-09-17,14,QA_EVIDENCE,reference,
docs/qa_evidence/storefront_design_engine/phase5/w4_certification/implementation/39_rate_limit_sharding_repair/pilot_process2_output.txt,qa_evidence,storefront_presentation,2026-09-17,2026-09-17,14,QA_EVIDENCE,reference,
docs/qa_evidence/storefront_design_engine/phase5/w4_certification/implementation/39_rate_limit_sharding_repair/pilot_summary.md,qa_evidence,storefront_presentation,2026-09-17,2026-09-17,114,QA_EVIDENCE,reference,
docs/qa_evidence/storefront_design_engine/phase5/w4_certification/implementation/39_rate_limit_sharding_repair/root_cause_extension.md,qa_evidence,storefront_presentation,2026-09-17,2026-09-17,92,QA_EVIDENCE,reference,
docs/qa_evidence/storefront_design_engine/phase5/w4_certification/implementation/39_rate_limit_sharding_repair/tdd_green.txt,qa_evidence,storefront_presentation,2026-09-17,2026-09-17,356,QA_EVIDENCE,reference,
docs/qa_evidence/storefront_design_engine/phase5/w4_certification/implementation/39_rate_limit_sharding_repair/tdd_red.txt,qa_evidence,storefront_presentation,2026-09-17,2026-09-17,466,QA_EVIDENCE,reference,
docs/qa_evidence/storefront_design_engine/phase5/w4_certification/implementation/40_pilot_findings_closure/cart_reproduction.md,qa_evidence,storefront_presentation,2026-09-18,2026-09-18,42,QA_EVIDENCE,reference,
docs/qa_evidence/storefront_design_engine/phase5/w4_certification/implementation/40_pilot_findings_closure/cart_tdd_green.txt,qa_evidence,storefront_presentation,2026-09-18,2026-09-18,209,QA_EVIDENCE,reference,
docs/qa_evidence/storefront_design_engine/phase5/w4_certification/implementation/40_pilot_findings_closure/cart_tdd_red.txt,qa_evidence,storefront_presentation,2026-09-18,2026-09-18,242,QA_EVIDENCE,reference,
docs/qa_evidence/storefront_design_engine/phase5/w4_certification/implementation/40_pilot_findings_closure/closure_pilot_summary.md,qa_evidence,storefront_presentation,2026-09-18,2026-09-18,106,QA_EVIDENCE,reference,
docs/qa_evidence/storefront_design_engine/phase5/w4_certification/implementation/40_pilot_findings_closure/closure_process1_output.txt,qa_evidence,storefront_presentation,2026-09-18,2026-09-18,14,QA_EVIDENCE,reference,
docs/qa_evidence/storefront_design_engine/phase5/w4_certification/implementation/40_pilot_findings_closure/closure_process2_output.txt,qa_evidence,storefront_presentation,2026-09-18,2026-09-18,14,QA_EVIDENCE,reference,
docs/qa_evidence/storefront_design_engine/phase5/w4_certification/implementation/40_pilot_findings_closure/code_review.md,qa_evidence,storefront_presentation,2026-09-18,2026-09-18,62,QA_EVIDENCE,reference,
docs/qa_evidence/storefront_design_engine/phase5/w4_certification/implementation/40_pilot_findings_closure/final_report.md,qa_evidence,storefront_presentation,2026-09-18,2026-09-18,134,QA_EVIDENCE,reference,
docs/qa_evidence/storefront_design_engine/phase5/w4_certification/implementation/40_pilot_findings_closure/full_suite_identity_comparison.md,qa_evidence,storefront_presentation,2026-09-18,2026-09-18,87,QA_EVIDENCE,reference,
docs/qa_evidence/storefront_design_engine/phase5/w4_certification/implementation/40_pilot_findings_closure/full_suite_output.txt,qa_evidence,storefront_presentation,2026-09-18,2026-09-18,4466,QA_EVIDENCE,reference,
docs/qa_evidence/storefront_design_engine/phase5/w4_certification/implementation/40_pilot_findings_closure/home_expectation_tdd_green.txt,qa_evidence,storefront_presentation,2026-09-18,2026-09-18,220,QA_EVIDENCE,reference,
docs/qa_evidence/storefront_design_engine/phase5/w4_certification/implementation/40_pilot_findings_closure/home_expectation_tdd_red.txt,qa_evidence,storefront_presentation,2026-09-18,2026-09-18,303,QA_EVIDENCE,reference,
docs/qa_evidence/storefront_design_engine/phase5/w4_certification/implementation/40_pilot_findings_closure/source_inventory_and_reclassification.md,qa_evidence,storefront_presentation,2026-09-18,2026-09-18,124,QA_EVIDENCE,reference,
docs/qa_evidence/storefront_design_engine/phase5/w4_certification/implementation/41_visual_distinctness_repair/browser_process1_output.txt,qa_evidence,storefront_presentation,2026-09-18,2026-09-18,14,QA_EVIDENCE,reference,
docs/qa_evidence/storefront_design_engine/phase5/w4_certification/implementation/41_visual_distinctness_repair/browser_process2_output.txt,qa_evidence,storefront_presentation,2026-09-18,2026-09-18,14,QA_EVIDENCE,reference,
docs/qa_evidence/storefront_design_engine/phase5/w4_certification/implementation/41_visual_distinctness_repair/code_review.md,qa_evidence,storefront_presentation,2026-09-18,2026-09-18,67,QA_EVIDENCE,reference,
docs/qa_evidence/storefront_design_engine/phase5/w4_certification/implementation/41_visual_distinctness_repair/final_report.md,qa_evidence,storefront_presentation,2026-09-18,2026-09-18,197,QA_EVIDENCE,reference,
docs/qa_evidence/storefront_design_engine/phase5/w4_certification/implementation/41_visual_distinctness_repair/focused_tests.txt,qa_evidence,storefront_presentation,2026-09-18,2026-09-18,50,QA_EVIDENCE,reference,
docs/qa_evidence/storefront_design_engine/phase5/w4_certification/implementation/41_visual_distinctness_repair/full_suite_identity_comparison.md,qa_evidence,storefront_presentation,2026-09-18,2026-09-18,107,QA_EVIDENCE,reference,
docs/qa_evidence/storefront_design_engine/phase5/w4_certification/implementation/41_visual_distinctness_repair/full_suite_output_attempt1_6074424b.txt,qa_evidence,storefront_presentation,2026-09-18,2026-09-18,4519,QA_EVIDENCE,reference,
docs/qa_evidence/storefront_design_engine/phase5/w4_certification/implementation/41_visual_distinctness_repair/full_suite_output_final_c31e07ed.txt,qa_evidence,storefront_presentation,2026-09-18,2026-09-18,4483,QA_EVIDENCE,reference,
docs/qa_evidence/storefront_design_engine/phase5/w4_certification/implementation/41_visual_distinctness_repair/rendered_pair_review.md,qa_evidence,storefront_presentation,2026-09-18,2026-09-18,94,QA_EVIDENCE,reference,
docs/qa_evidence/storefront_design_engine/phase5/w4_certification/implementation/41_visual_distinctness_repair/source_diff.md,qa_evidence,storefront_presentation,2026-09-18,2026-09-18,382,QA_EVIDENCE,reference,
docs/qa_evidence/storefront_design_engine/phase5/w4_certification/implementation/41_visual_distinctness_repair/starting_state.md,qa_evidence,storefront_presentation,2026-09-18,2026-09-18,72,QA_EVIDENCE,reference,
docs/qa_evidence/storefront_design_engine/phase5/w4_certification/implementation/41_visual_distinctness_repair/tdd_green.txt,qa_evidence,storefront_presentation,2026-09-18,2026-09-18,21,QA_EVIDENCE,reference,
docs/qa_evidence/storefront_design_engine/phase5/w4_certification/implementation/41_visual_distinctness_repair/tdd_red.txt,qa_evidence,storefront_presentation,2026-09-18,2026-09-18,125,QA_EVIDENCE,reference,
docs/qa_evidence/storefront_design_engine/phase5/w4_certification/implementation/41_visual_distinctness_repair/version_history_proof.md,qa_evidence,storefront_presentation,2026-09-18,2026-09-18,30,QA_EVIDENCE,reference,
docs/qa_evidence/storefront_design_engine/phase5/w4_certification/implementation/42_final_repaired_source_recertification/final_visual_distinctness_matrix.md,qa_evidence,storefront_presentation,2026-09-18,2026-09-18,118,QA_EVIDENCE,reference,
docs/qa_evidence/storefront_design_engine/phase5/w4_certification/visual_distinctness_matrix.md,qa_evidence,storefront_presentation,2026-09-18,2026-09-18,118,QA_EVIDENCE,reference,
docs/qa_evidence/storefront_design_engine/phase5/w4_certification/w4c_harness_inventory.md,qa_evidence,storefront_presentation,2026-09-17,2026-09-17,970,QA_EVIDENCE,reference,
docs/qa_evidence/storefront_design_engine/phase5/w4_certification/w4c_merge_checkpoint.md,qa_evidence,storefront_presentation,2026-09-18,2026-09-18,54,QA_EVIDENCE,reference,
docs/qa_evidence/storefront_design_engine/phase5/w5a_canonical_editor_safety/browser_qa.md,qa_evidence,storefront_presentation,2026-09-19,2026-09-19,58,QA_EVIDENCE,reference,
docs/qa_evidence/storefront_design_engine/phase5/w5a_canonical_editor_safety/browser_qa_raw_output.txt,qa_evidence,storefront_presentation,2026-09-19,2026-09-19,25,QA_EVIDENCE,reference,
docs/qa_evidence/storefront_design_engine/phase5/w5a_canonical_editor_safety/code_review.md,qa_evidence,storefront_presentation,2026-09-19,2026-09-19,95,QA_EVIDENCE,reference,
docs/qa_evidence/storefront_design_engine/phase5/w5a_canonical_editor_safety/concurrency_contract.md,qa_evidence,storefront_presentation,2026-09-19,2026-09-19,100,QA_EVIDENCE,reference,
docs/qa_evidence/storefront_design_engine/phase5/w5a_canonical_editor_safety/final_report.md,qa_evidence,storefront_presentation,2026-09-19,2026-09-19,212,QA_EVIDENCE,reference,
docs/qa_evidence/storefront_design_engine/phase5/w5a_canonical_editor_safety/focused_tests.txt,qa_evidence,storefront_presentation,2026-09-19,2026-09-19,168,QA_EVIDENCE,reference,
docs/qa_evidence/storefront_design_engine/phase5/w5a_canonical_editor_safety/full_suite_identity_comparison.md,qa_evidence,storefront_presentation,2026-09-19,2026-09-19,172,QA_EVIDENCE,reference,
docs/qa_evidence/storefront_design_engine/phase5/w5a_canonical_editor_safety/round2_tdd_green.txt,qa_evidence,storefront_presentation,2026-09-19,2026-09-19,284,QA_EVIDENCE,reference,
docs/qa_evidence/storefront_design_engine/phase5/w5a_canonical_editor_safety/round2_tdd_red.txt,qa_evidence,storefront_presentation,2026-09-19,2026-09-19,574,QA_EVIDENCE,reference,
docs/qa_evidence/storefront_design_engine/phase5/w5a_canonical_editor_safety/route_classification.md,qa_evidence,storefront_presentation,2026-09-19,2026-09-19,85,QA_EVIDENCE,reference,
docs/qa_evidence/storefront_design_engine/phase5/w5a_canonical_editor_safety/source_diff.md,qa_evidence,storefront_presentation,2026-09-19,2026-09-19,41,QA_EVIDENCE,reference,
docs/qa_evidence/storefront_design_engine/phase5/w5a_canonical_editor_safety/starting_state.md,qa_evidence,storefront_presentation,2026-09-19,2026-09-19,8,QA_EVIDENCE,reference,
docs/qa_evidence/storefront_design_engine/phase5/w5a_canonical_editor_safety/tdd_green.txt,qa_evidence,storefront_presentation,2026-09-19,2026-09-19,9,QA_EVIDENCE,reference,
docs/qa_evidence/storefront_design_engine/phase5/w5a_canonical_editor_safety/tdd_red.txt,qa_evidence,storefront_presentation,2026-09-19,2026-09-19,487,QA_EVIDENCE,reference,
docs/qa_evidence/storefront_design_engine/phase5/w5a_canonical_editor_safety/w5a_merge_checkpoint.md,qa_evidence,storefront_presentation,2026-09-19,2026-09-19,102,QA_EVIDENCE,reference,
docs/qa_evidence/storefront_design_engine/phase5/w5b_mobile_bottom_nav_r4_parity/authority_chain.md,qa_evidence,storefront_presentation,2026-09-19,2026-09-19,79,QA_EVIDENCE,reference,
docs/qa_evidence/storefront_design_engine/phase5/w5b_mobile_bottom_nav_r4_parity/browser_qa_console_repair.txt,qa_evidence,storefront_presentation,2026-09-19,2026-09-19,26,QA_EVIDENCE,reference,
docs/qa_evidence/storefront_design_engine/phase5/w5b_mobile_bottom_nav_r4_parity/browser_qa_console.txt,qa_evidence,storefront_presentation,2026-09-19,2026-09-19,19,QA_EVIDENCE,reference,
docs/qa_evidence/storefront_design_engine/phase5/w5b_mobile_bottom_nav_r4_parity/browser_qa.md,qa_evidence,storefront_presentation,2026-09-19,2026-09-19,280,QA_EVIDENCE,reference,
docs/qa_evidence/storefront_design_engine/phase5/w5b_mobile_bottom_nav_r4_parity/code_review.md,qa_evidence,storefront_presentation,2026-09-19,2026-09-19,42,QA_EVIDENCE,reference,
docs/qa_evidence/storefront_design_engine/phase5/w5b_mobile_bottom_nav_r4_parity/final_report.md,qa_evidence,storefront_presentation,2026-09-19,2026-09-19,266,QA_EVIDENCE,reference,
docs/qa_evidence/storefront_design_engine/phase5/w5b_mobile_bottom_nav_r4_parity/focused_tests.txt,qa_evidence,storefront_presentation,2026-09-19,2026-09-19,180,QA_EVIDENCE,reference,
docs/qa_evidence/storefront_design_engine/phase5/w5b_mobile_bottom_nav_r4_parity/full_suite_identity_comparison.md,qa_evidence,storefront_presentation,2026-09-19,2026-09-19,67,QA_EVIDENCE,reference,
docs/qa_evidence/storefront_design_engine/phase5/w5b_mobile_bottom_nav_r4_parity/implementation_plan_summary.md,qa_evidence,storefront_presentation,2026-09-19,2026-09-19,72,QA_EVIDENCE,reference,
docs/qa_evidence/storefront_design_engine/phase5/w5b_mobile_bottom_nav_r4_parity/sibling_isolation.md,qa_evidence,storefront_presentation,2026-09-19,2026-09-19,42,QA_EVIDENCE,reference,
docs/qa_evidence/storefront_design_engine/phase5/w5b_mobile_bottom_nav_r4_parity/source_diff.md,qa_evidence,storefront_presentation,2026-09-19,2026-09-19,62,QA_EVIDENCE,reference,
docs/qa_evidence/storefront_design_engine/phase5/w5b_mobile_bottom_nav_r4_parity/starting_state.md,qa_evidence,storefront_presentation,2026-09-19,2026-09-19,15,QA_EVIDENCE,reference,
docs/qa_evidence/storefront_design_engine/phase5/w5b_mobile_bottom_nav_r4_parity/tdd_green.txt,qa_evidence,storefront_presentation,2026-09-19,2026-09-19,229,QA_EVIDENCE,reference,
docs/qa_evidence/storefront_design_engine/phase5/w5b_mobile_bottom_nav_r4_parity/tdd_red.txt,qa_evidence,storefront_presentation,2026-09-19,2026-09-19,379,QA_EVIDENCE,reference,
docs/qa_evidence/storefront_design_engine/phase5/w5b_mobile_bottom_nav_r4_parity/w5b_merge_checkpoint.md,qa_evidence,storefront_presentation,2026-09-19,2026-09-19,160,QA_EVIDENCE,reference,
docs/qa_evidence/storefront_design_engine/phase5/w5c_ready_template_preview_ux/accessibility_review.md,qa_evidence,storefront_presentation,2026-09-19,2026-09-19,154,QA_EVIDENCE,reference,
docs/qa_evidence/storefront_design_engine/phase5/w5c_ready_template_preview_ux/browser_qa_console_repair.txt,qa_evidence,storefront_presentation,2026-09-19,2026-09-19,30,QA_EVIDENCE,reference,
docs/qa_evidence/storefront_design_engine/phase5/w5c_ready_template_preview_ux/browser_qa_console.txt,qa_evidence,storefront_presentation,2026-09-19,2026-09-19,27,QA_EVIDENCE,reference,
docs/qa_evidence/storefront_design_engine/phase5/w5c_ready_template_preview_ux/browser_qa.md,qa_evidence,storefront_presentation,2026-09-19,2026-09-19,240,QA_EVIDENCE,reference,
docs/qa_evidence/storefront_design_engine/phase5/w5c_ready_template_preview_ux/code_review.md,qa_evidence,storefront_presentation,2026-09-19,2026-09-19,99,QA_EVIDENCE,reference,
docs/qa_evidence/storefront_design_engine/phase5/w5c_ready_template_preview_ux/final_report.md,qa_evidence,storefront_presentation,2026-09-19,2026-09-19,294,QA_EVIDENCE,reference,
docs/qa_evidence/storefront_design_engine/phase5/w5c_ready_template_preview_ux/focused_tests_repair.txt,qa_evidence,storefront_presentation,2026-09-19,2026-09-19,616,QA_EVIDENCE,reference,
docs/qa_evidence/storefront_design_engine/phase5/w5c_ready_template_preview_ux/focused_tests.txt,qa_evidence,storefront_presentation,2026-09-19,2026-09-19,540,QA_EVIDENCE,reference,
docs/qa_evidence/storefront_design_engine/phase5/w5c_ready_template_preview_ux/full_suite_identity_comparison.md,qa_evidence,storefront_presentation,2026-09-19,2026-09-19,136,QA_EVIDENCE,reference,
docs/qa_evidence/storefront_design_engine/phase5/w5c_ready_template_preview_ux/implementation_plan_summary.md,qa_evidence,storefront_presentation,2026-09-19,2026-09-19,91,QA_EVIDENCE,reference,
docs/qa_evidence/storefront_design_engine/phase5/w5c_ready_template_preview_ux/non_mutation_proof.md,qa_evidence,storefront_presentation,2026-09-19,2026-09-19,147,QA_EVIDENCE,reference,
docs/qa_evidence/storefront_design_engine/phase5/w5c_ready_template_preview_ux/preview_authority_chain.md,qa_evidence,storefront_presentation,2026-09-19,2026-09-19,138,QA_EVIDENCE,reference,
docs/qa_evidence/storefront_design_engine/phase5/w5c_ready_template_preview_ux/source_diff.md,qa_evidence,storefront_presentation,2026-09-19,2026-09-19,140,QA_EVIDENCE,reference,
docs/qa_evidence/storefront_design_engine/phase5/w5c_ready_template_preview_ux/starting_state.md,qa_evidence,storefront_presentation,2026-09-19,2026-09-19,19,QA_EVIDENCE,reference,
docs/qa_evidence/storefront_design_engine/phase5/w5c_ready_template_preview_ux/tdd_green.txt,qa_evidence,storefront_presentation,2026-09-19,2026-09-19,236,QA_EVIDENCE,reference,
docs/qa_evidence/storefront_design_engine/phase5/w5c_ready_template_preview_ux/tdd_red.txt,qa_evidence,storefront_presentation,2026-09-19,2026-09-19,313,QA_EVIDENCE,reference,
docs/qa_evidence/storefront_design_engine/phase5/w5c_ready_template_preview_ux/w5c_merge_checkpoint.md,qa_evidence,storefront_presentation,2026-09-19,2026-09-19,132,QA_EVIDENCE,reference,
docs/qa_evidence/storefront_design_engine/phase5/w5_discovery/authority_map.md,qa_evidence,storefront_presentation,2026-09-19,2026-09-19,135,QA_EVIDENCE,reference,
docs/qa_evidence/storefront_design_engine/phase5/w5_discovery/current_state_inventory.md,qa_evidence,storefront_presentation,2026-09-19,2026-09-19,160,QA_EVIDENCE,reference,
docs/qa_evidence/storefront_design_engine/phase5/w5_discovery/gap_matrix.md,qa_evidence,storefront_presentation,2026-09-19,2026-09-19,76,QA_EVIDENCE,reference,
docs/qa_evidence/storefront_design_engine/phase5/w5_discovery/merchant_journeys.md,qa_evidence,storefront_presentation,2026-09-19,2026-09-19,113,QA_EVIDENCE,reference,
docs/README.md,readme,cross_cutting,2026-07-28,2026-07-28,15,SUPPORTING,medium,
docs/reference-kits/rastisi-11-families-v3/ACCEPTANCE_GATES_FA.md,reference_kit,cross_cutting,2026-08-10,2026-08-10,56,EVIDENCE_ONLY,reference,
docs/reference-kits/rastisi-11-families-v3/contracts/badge-matrix.yaml,reference_kit,cross_cutting,2026-08-10,2026-08-10,41,EVIDENCE_ONLY,reference,
docs/reference-kits/rastisi-11-families-v3/contracts/dynamic-data-mapping.yaml,reference_kit,cross_cutting,2026-08-10,2026-08-10,55,EVIDENCE_ONLY,reference,
docs/reference-kits/rastisi-11-families-v3/contracts/icon-manifest.yaml,reference_kit,cross_cutting,2026-08-10,2026-08-10,89,EVIDENCE_ONLY,reference,
docs/reference-kits/rastisi-11-families-v3/contracts/interactions.yaml,reference_kit,cross_cutting,2026-08-10,2026-08-10,77,EVIDENCE_ONLY,reference,
docs/reference-kits/rastisi-11-families-v3/contracts/section-blueprints.yaml,reference_kit,cross_cutting,2026-08-10,2026-08-10,204,EVIDENCE_ONLY,reference,
docs/reference-kits/rastisi-11-families-v3/decision-lock.yaml,reference_kit,cross_cutting,2026-08-10,2026-08-10,69,EVIDENCE_ONLY,reference,
docs/reference-kits/rastisi-11-families-v3/KIRO_MASTER_PROMPT_FA.md,reference_kit,cross_cutting,2026-08-10,2026-08-10,89,EVIDENCE_ONLY,reference,
docs/reference-kits/rastisi-11-families-v3/README_FA.md,reference_kit,cross_cutting,2026-08-10,2026-08-10,53,EVIDENCE_ONLY,reference,
docs/reference-kits/rastisi-11-families-v3/RESPONSIVE_CONTRACT_FA.md,reference_kit,cross_cutting,2026-08-10,2026-08-10,56,EVIDENCE_ONLY,reference,
docs/reference-kits/rastisi-11-families-v3/screenshots/README_FA.md,reference_kit,cross_cutting,2026-08-10,2026-08-10,21,EVIDENCE_ONLY,reference,
docs/reference-kits/rastisi-11-families-v3/SOURCE_AUDIT_FA.md,reference_kit,cross_cutting,2026-08-10,2026-08-10,29,EVIDENCE_ONLY,reference,
docs/reference-kits/rastisi-11-families-v3/VALIDATION_REPORT_FA.md,reference_kit,cross_cutting,2026-08-10,2026-08-10,15,EVIDENCE_ONLY,reference,
docs/reference-kits/site-targets-5/Beraito/DESIGN_CONTRACT.md,reference_kit,storefront_presentation,2026-08-29,2026-08-29,96,EVIDENCE_ONLY,reference,
docs/reference-kits/site-targets-5/laleRokh/DESIGN_CONTRACT.md,reference_kit,storefront_presentation,2026-08-29,2026-08-29,117,EVIDENCE_ONLY,reference,
docs/reference-kits/site-targets-5/README_FA.md,reference_kit,cross_cutting,2026-08-26,2026-08-26,18,EVIDENCE_ONLY,reference,
docs/reference-kits/site-targets-5/saremi/DESIGN_CONTRACT.md,reference_kit,storefront_presentation,2026-08-29,2026-08-29,46,EVIDENCE_ONLY,reference,
docs/reference-kits/site-targets-5/shokolati/DESIGN_CONTRACT.md,reference_kit,storefront_presentation,2026-08-29,2026-08-29,144,EVIDENCE_ONLY,reference,
docs/references/beraito-exact-frontend-v5/README.md,reference_kit,cross_cutting,2026-08-14,2026-08-14,23,EVIDENCE_ONLY,reference,
docs/references/beraito-exact-frontend-v5/README.txt,reference_kit,cross_cutting,2026-08-14,2026-08-14,17,EVIDENCE_ONLY,reference,
docs/references/beraito-exact-frontend-v5/SOURCE_MAP.md,reference_kit,cross_cutting,2026-08-14,2026-08-14,30,EVIDENCE_ONLY,reference,
docs/reports/PRELAUNCH_PHASE1_ENAMAD_BASELINE.md,report,stores_integrations,2026-08-18,2026-08-18,194,HISTORICAL,reference,
docs/reports/PRELAUNCH_PHASE2_SUBSCRIPTIONS_TRIALS.md,report,saas_billing_subscriptions,2026-08-18,2026-08-18,283,HISTORICAL,reference,
docs/reports/PRELAUNCH_PHASE3_ZIBAL_PLATFORM_BILLING.md,report,saas_billing_subscriptions,2026-08-18,2026-08-18,340,HISTORICAL,reference,
docs/reports/PRELAUNCH_PHASE4_ZIBAL_MERCHANT_PAYMENTS.md,report,orders_payments,2026-08-18,2026-08-18,154,HISTORICAL,reference,
docs/reports/PRELAUNCH_PHASE5_ENAMAD_COMPLETION.md,report,stores_integrations,2026-08-18,2026-08-18,258,HISTORICAL,reference,
docs/reports/PRELAUNCH_PHASES_1_5_FINAL_AUDIT.md,report,cross_cutting,2026-08-18,2026-08-18,322,HISTORICAL,reference,
docs/reports/PRODUCT_ENTRY_FINAL_FUNCTIONAL_REPAIR_AUDIT.md,report,dashboard_merchant_admin,2026-08-05,2026-08-05,228,HISTORICAL,reference,
docs/reports/PRODUCT_ENTRY_FINAL_IMPLEMENTATION_PLAN.md,plan,dashboard_merchant_admin,2026-08-05,2026-08-05,412,PLAN_ONLY,reference,
docs/reports/PRODUCT_ENTRY_FINAL_PROTOTYPE_GAP_ANALYSIS.md,report,dashboard_merchant_admin,2026-08-05,2026-08-05,413,HISTORICAL,reference,
docs/reports/PRODUCT_ENTRY_FULL_PAGE_ROOT_CAUSE.md,report,dashboard_merchant_admin,2026-08-05,2026-08-05,266,HISTORICAL,reference,
docs/reports/REFERENCE_STOREFRONT_EDITABLE_TARGET.md,report,storefront_presentation,2026-08-17,2026-08-17,28,HISTORICAL,reference,
docs/reports/SIX_FAMILIES_CONTROL_MATRIX.md,report,cross_cutting,2026-08-10,2026-08-10,169,HISTORICAL,reference,
docs/reports/SIX_FAMILIES_VARIANT_WIRING_TRACE.md,report,cross_cutting,2026-08-10,2026-08-10,89,HISTORICAL,reference,
docs/reports/STOREFRONT_BUILDER_V2_PHASE1_AUDIT.md,report,storefront_presentation,2026-08-17,2026-08-17,96,HISTORICAL,reference,
docs/reports/STOREFRONT_TEMPLATE_AND_BUILDER_ARCHITECTURE_PLAN.md,plan,storefront_presentation,2026-08-06,2026-08-06,349,PLAN_ONLY,reference,
docs/reports/STOREFRONT_TEMPLATE_AND_BUILDER_AUDIT.md,report,storefront_presentation,2026-08-06,2026-08-06,273,HISTORICAL,reference,
docs/reports/STOREFRONT_TEMPLATE_AND_BUILDER_IMPLEMENTATION_ROADMAP.md,plan,storefront_presentation,2026-08-06,2026-08-06,187,PLAN_ONLY,reference,
docs/reports/STOREFRONT_VISUAL_BUILDER_AUDIT.md,report,storefront_presentation,2026-08-03,2026-08-03,531,HISTORICAL,reference,
docs/specs/RASTISI_STOREFRONT_BUILDER_FINAL_SPEC_V1_EN.md,spec,storefront_presentation,2026-08-14,2026-08-14,1638,DESIGN_INTENT,medium,
docs/storefront_templates/dark_digital_v2_DESIGN_CONTRACT.md,design_contract,storefront_presentation,2026-08-29,2026-08-29,30,DESIGN_INTENT,medium,
docs/superpowers/plans/2026-08-30-admin-v22-live-builder.md,plan,storefront_presentation,2026-08-30,2026-08-30,137,PLAN_ONLY,reference,
docs/superpowers/plans/2026-08-30-admin-v2-phase2-prototype-alignment.md,plan,dashboard_merchant_admin,2026-08-30,2026-08-30,42,PLAN_ONLY,reference,
docs/superpowers/plans/2026-08-30-claude-storefront-phase1-repair.md,plan,storefront_presentation,2026-08-30,2026-08-30,124,PLAN_ONLY,reference,
docs/superpowers/plans/2026-08-30-claude-storefront-phase1-repair-prompt.md,plan,storefront_presentation,2026-08-30,2026-08-30,167,PLAN_ONLY,reference,
docs/superpowers/plans/2026-08-31-storefront-builder-r4-phase0-phase1.md,plan,storefront_presentation,2026-08-31,2026-08-31,1388,PLAN_ONLY,reference,
docs/superpowers/plans/2026-09-01-storefront-design-engine-50-templates-implementation.md,plan,storefront_presentation,2026-09-01,2026-09-01,512,PLAN_ONLY,reference,
docs/superpowers/plans/2026-09-02-storefront-design-engine-a8-50-template-dna.md,plan,storefront_presentation,2026-09-02,2026-09-03,386,PLAN_ONLY,reference,
docs/superpowers/plans/2026-09-03-storefront-unified-implementation-roadmap.md,plan,storefront_presentation,2026-09-03,2026-09-03,303,PLAN_ONLY,reference,
docs/superpowers/plans/2026-09-03-template-switch-preservation-implementation-plan.md,plan,storefront_presentation,2026-09-03,2026-09-03,447,PLAN_ONLY,reference,
docs/superpowers/plans/2026-09-04-golden-reference-storefront-g1-plan.md,plan,storefront_presentation,2026-09-04,2026-09-04,160,PLAN_ONLY,reference,
docs/superpowers/plans/2026-09-04-golden-reference-storefront-g2-plan.md,plan,storefront_presentation,2026-09-04,2026-09-04,148,PLAN_ONLY,reference,
docs/superpowers/plans/2026-09-04-golden-reference-storefront-roadmap.md,plan,storefront_presentation,2026-09-04,2026-09-04,69,PLAN_ONLY,reference,
docs/superpowers/plans/2026-09-05-storefront-appearance-phase1-architecture-authority-implementation-plan.md,plan,storefront_presentation,2026-09-05,2026-09-05,1446,PLAN_ONLY,reference,
docs/superpowers/plans/2026-09-06-storefront-lifecycle-safety-phase2-implementation-plan.md,plan,storefront_presentation,2026-09-06,2026-09-06,301,PLAN_ONLY,reference,
docs/superpowers/plans/2026-09-06-storefront-vertical-slice-phase3-implementation-plan.md,plan,storefront_presentation,2026-09-06,2026-09-06,364,PLAN_ONLY,reference,
docs/superpowers/plans/2026-09-08-storefront-phase4-builder-legacy-convergence.md,plan,storefront_presentation,2026-09-08,2026-09-08,369,PLAN_ONLY,reference,
docs/superpowers/plans/2026-09-11-phase5-design-expansion-implementation-plan.md,plan,storefront_presentation,2026-09-11,2026-09-15,773,PLAN_ONLY,reference,
docs/superpowers/plans/2026-09-14-phase5-task6-storefront-showcase-facade-implementation-plan.md,plan,storefront_presentation,2026-09-14,2026-09-14,156,PLAN_ONLY,reference,
docs/superpowers/plans/2026-09-15-phase5-converged-completion-plan.md,plan,cross_cutting,2026-09-15,2026-09-15,420,PLAN_ONLY,reference,
docs/superpowers/plans/2026-09-16-phase5-w4a-public-shell-convergence-implementation.md,plan,cross_cutting,2026-09-16,2026-09-16,244,PLAN_ONLY,reference,
docs/superpowers/plans/2026-09-16-phase5-w4b-50-template-curation-implementation.md,plan,storefront_presentation,2026-09-16,2026-09-16,143,PLAN_ONLY,reference,
docs/superpowers/plans/2026-09-17-phase5-w4c-all50-browser-certification.md,plan,cross_cutting,2026-09-17,2026-09-17,1704,PLAN_ONLY,reference,
docs/superpowers/plans/2026-09-19-phase5-w5a-canonical-editor-safety.md,plan,cross_cutting,2026-09-19,2026-09-19,145,PLAN_ONLY,reference,
docs/superpowers/plans/2026-09-19-phase5-w5b-mobile-bottom-nav-r4-parity.md,plan,cross_cutting,2026-09-19,2026-09-19,198,PLAN_ONLY,reference,
docs/superpowers/plans/2026-09-19-phase5-w5c-ready-template-preview-ux.md,plan,storefront_presentation,2026-09-19,2026-09-19,369,PLAN_ONLY,reference,
docs/superpowers/plans/2026-09-19-phase5-w5-merchant-design-experience-discovery.md,plan,storefront_presentation,2026-09-19,2026-09-19,253,PLAN_ONLY,reference,
docs/superpowers/specs/2026-08-30-claude-storefront-phase1-repair-design.md,spec,storefront_presentation,2026-08-30,2026-08-30,106,DESIGN_INTENT,medium,
docs/superpowers/specs/2026-08-31-storefront-builder-r4-design.md,spec,storefront_presentation,2026-08-31,2026-08-31,1793,DESIGN_INTENT,medium,
docs/superpowers/specs/2026-09-01-storefront-design-engine-50-templates-design.md,spec,storefront_presentation,2026-09-01,2026-09-01,488,DESIGN_INTENT,medium,
docs/superpowers/specs/2026-09-03-rastisi-storefront-builder-product-architecture.md,spec,storefront_presentation,2026-09-03,2026-09-03,798,DESIGN_INTENT,medium,
docs/superpowers/specs/2026-09-03-rastisi-storefront-builder-unified-architecture-design.md,spec,storefront_presentation,2026-09-03,2026-09-03,1536,DESIGN_INTENT,medium,
docs/superpowers/specs/2026-09-04-golden-reference-storefront-design.md,spec,storefront_presentation,2026-09-04,2026-09-04,124,DESIGN_INTENT,medium,
docs/superpowers/specs/2026-09-05-storefront-appearance-convergence-5-phase-design.md,spec,storefront_presentation,2026-09-05,2026-09-05,988,DESIGN_INTENT,medium,
docs/superpowers/specs/2026-09-06-storefront-lifecycle-safety-phase2-design.md,spec,storefront_presentation,2026-09-06,2026-09-06,240,DESIGN_INTENT,medium,
docs/superpowers/specs/2026-09-06-storefront-vertical-slice-phase3-design.md,spec,storefront_presentation,2026-09-06,2026-09-06,162,DESIGN_INTENT,medium,
docs/superpowers/specs/2026-09-11-phase5-50-template-dna-design-lab-charter.md,spec,storefront_presentation,2026-09-11,2026-09-11,265,DESIGN_INTENT,medium,
docs/superpowers/specs/2026-09-11-phase5-design-expansion-charter.md,spec,storefront_presentation,2026-09-11,2026-09-11,259,DESIGN_INTENT,medium,
docs/superpowers/specs/2026-09-11-phase5-onboarding-demo-contextual-editor-charter.md,spec,cross_cutting,2026-09-11,2026-09-11,340,DESIGN_INTENT,medium,
docs/superpowers/specs/2026-09-14-phase5-task6-storefront-showcase-facade-design.md,spec,storefront_presentation,2026-09-14,2026-09-14,196,DESIGN_INTENT,medium,
docs/superpowers/specs/2026-09-16-phase5-w4a-public-shell-convergence-design.md,spec,storefront_presentation,2026-09-16,2026-09-16,685,DESIGN_INTENT,medium,
docs/superpowers/specs/2026-09-16-phase5-w4b-50-template-curation-design.md,spec,storefront_presentation,2026-09-16,2026-09-16,373,DESIGN_INTENT,medium,
docs/template-references/lightweight-package-reference/RastiSi_Lightweight_Five_Template_Spec/CLAUDE_CODE_MASTER_PROMPT_LIGHTWEIGHT.md,reference_kit,storefront_presentation,2026-08-09,2026-08-09,193,EVIDENCE_ONLY,reference,
docs/template-references/lightweight-package-reference/RastiSi_Lightweight_Five_Template_Spec/IMPLEMENTATION_SPEC_FA.md,reference_kit,storefront_presentation,2026-08-09,2026-08-09,254,EVIDENCE_ONLY,reference,
docs/template-references/lightweight-package-reference/RastiSi_Lightweight_Five_Template_Spec/README_FIRST_FA.md,reference_kit,storefront_presentation,2026-08-09,2026-08-09,37,EVIDENCE_ONLY,reference,
docs/template-references/live-audit/00_REPOSITORY_BASELINE.md,reference_kit,storefront_presentation,2026-08-09,2026-08-09,62,EVIDENCE_ONLY,reference,
docs/template-references/live-audit/01_REPOSITORY_ARCHITECTURE_AND_GAPS.md,reference_kit,storefront_presentation,2026-08-09,2026-08-09,136,EVIDENCE_ONLY,reference,
docs/template-references/live-audit/02_BERAITO_VIBRANT_CATALOG_AUDIT.md,reference_kit,storefront_presentation,2026-08-09,2026-08-09,110,EVIDENCE_ONLY,reference,
docs/template-references/live-audit/03_CACTUS_HERITAGE_PREMIUM_AUDIT.md,reference_kit,storefront_presentation,2026-08-09,2026-08-09,102,EVIDENCE_ONLY,reference,
docs/template-references/live-audit/04_DEEYAR_ARTISAN_EDITORIAL_AUDIT.md,reference_kit,storefront_presentation,2026-08-09,2026-08-09,98,EVIDENCE_ONLY,reference,
docs/template-references/live-audit/05_IBOLAK_MODERN_FASHION_AUDIT.md,reference_kit,storefront_presentation,2026-08-09,2026-08-09,98,EVIDENCE_ONLY,reference,
docs/template-references/live-audit/06_IKALAJAM_NORDIC_LIVING_AUDIT.md,reference_kit,storefront_presentation,2026-08-09,2026-08-09,102,EVIDENCE_ONLY,reference,
docs/template-references/live-audit/07_CROSS_REFERENCE_MATRIX.md,reference_kit,storefront_presentation,2026-08-09,2026-08-09,50,EVIDENCE_ONLY,reference,
docs/template-references/live-audit/08_TARGET_ARCHITECTURE_AND_FILE_PLAN.md,reference_kit,storefront_presentation,2026-08-09,2026-08-09,130,EVIDENCE_ONLY,reference,
docs/template-references/live-audit/09_QUESTIONS_FOR_OWNER_FA.md,reference_kit,storefront_presentation,2026-08-09,2026-08-09,436,EVIDENCE_ONLY,reference,
docs/template-references/live-audit/10_OWNER_DECISION_LOG.md,reference_kit,storefront_presentation,2026-08-09,2026-08-09,154,EVIDENCE_ONLY,reference,
docs/template-references/live-audit/11_REFERENCE_FIDELITY_GAP_ANALYSIS.md,reference_kit,storefront_presentation,2026-08-09,2026-08-09,70,EVIDENCE_ONLY,reference,
docs/third_party/FRONTEND_DESIGN_PLUGIN_NOTICE.md,license_notice,storefront_presentation,2026-09-11,2026-09-11,70,SUPPORTING,medium,
docs/third_party/UI_UX_PRO_MAX_PALETTES_NOTICE.md,license_notice,cross_cutting,2026-08-30,2026-08-30,32,SUPPORTING,medium,
docs/third_party/UI_UX_PRO_MAX_SKILL_NOTICE.md,license_notice,cross_cutting,2026-09-11,2026-09-11,57,SUPPORTING,medium,
docs/qa_evidence/** (png/webp/js/html/json/css assets beyond 340 textual),qa_asset_collection,storefront_presentation,,,,COLLECTION,reference,QA screenshots/harness/preview output — evidence only
docs/reference-kits/** assets,reference_asset_collection,storefront_presentation,,,,COLLECTION,reference,External reference design kits — evidence only
docs/references/beraito-exact-frontend-v5/** assets,reference_asset_collection,storefront_presentation,,,,COLLECTION,reference,Reference frontend capture — evidence only
docs/template-references/** assets,reference_asset_collection,storefront_presentation,,,,COLLECTION,reference,Template reference kits — evidence only
docs/prototypes/** assets,prototype_collection,dashboard_merchant_admin,,,,COLLECTION,reference,HTML/UI prototypes — evidence only
docs/docs/product/Final Result At Last/** (novinshop+rastisi-site html/js/css),reference_prototype_collection,platform_wide,,,,COLLECTION,reference,Reference product/site prototype — evidence only
